{"level":"info","message":"初始化AI实例: Core_Functional_1 (functional) 加入 core 组","timestamp":"2026-02-02T07:30:47.978Z"}
{"level":"info","message":"初始化AI实例: Core_Management_1 (management) 加入 core 组","timestamp":"2026-02-02T07:30:47.980Z"}
{"level":"info","message":"初始化AI实例: Core_Performance_1 (performance) 加入 core 组","timestamp":"2026-02-02T07:30:47.981Z"}
{"level":"info","message":"初始化AI实例: Core_Frontend_1 (frontend) 加入 core 组","timestamp":"2026-02-02T07:30:47.981Z"}
{"level":"info","message":"初始化AI实例: Core_Backend_1 (backend) 加入 core 组","timestamp":"2026-02-02T07:30:47.981Z"}
{"level":"info","message":"初始化AI实例: Core_Fullstack_1 (fullstack) 加入 core 组","timestamp":"2026-02-02T07:30:47.981Z"}
{"level":"info","message":"初始化AI实例: Core_Logging_1 (logging) 加入 core 组","timestamp":"2026-02-02T07:30:47.982Z"}
{"level":"info","message":"初始化AI实例: Core_Database_1 (database) 加入 core 组","timestamp":"2026-02-02T07:30:47.982Z"}
{"level":"info","message":"初始化AI实例: Core_LayoutColor_1 (layout_color) 加入 core 组","timestamp":"2026-02-02T07:30:47.982Z"}
{"level":"info","message":"初始化AI实例: Core_FeatureExpansion_1 (feature_expansion) 加入 core 组","timestamp":"2026-02-02T07:30:47.982Z"}
{"level":"info","message":"初始化AI实例: Opt_Functional_1 (functional) 加入 optimization 组","timestamp":"2026-02-02T07:30:47.983Z"}
{"level":"info","message":"初始化AI实例: Opt_Performance_1 (performance) 加入 optimization 组","timestamp":"2026-02-02T07:30:47.983Z"}
{"level":"info","message":"初始化AI实例: Opt_Security_1 (security) 加入 optimization 组","timestamp":"2026-02-02T07:30:47.983Z"}
{"level":"info","message":"初始化AI实例: Opt_Frontend_1 (frontend) 加入 optimization 组","timestamp":"2026-02-02T07:30:47.983Z"}
{"level":"info","message":"初始化AI实例: Opt_Backend_1 (backend) 加入 optimization 组","timestamp":"2026-02-02T07:30:47.983Z"}
{"level":"info","message":"初始化AI实例: Opt_Logging_1 (logging) 加入 optimization 组","timestamp":"2026-02-02T07:30:47.983Z"}
{"level":"info","message":"初始化AI实例: Opt_Database_1 (database) 加入 optimization 组","timestamp":"2026-02-02T07:30:47.983Z"}
{"level":"info","message":"初始化AI实例: Opt_LayoutColor_1 (layout_color) 加入 optimization 组","timestamp":"2026-02-02T07:30:47.983Z"}
{"level":"info","message":"初始化AI实例: Opt_FeatureExpansion_1 (feature_expansion) 加入 optimization 组","timestamp":"2026-02-02T07:30:47.983Z"}
{"level":"info","message":"初始化AI实例: Mon_Performance_1 (performance) 加入 monitoring 组","timestamp":"2026-02-02T07:30:47.983Z"}
{"level":"info","message":"初始化AI实例: Mon_Security_1 (security) 加入 monitoring 组","timestamp":"2026-02-02T07:30:47.983Z"}
{"level":"info","message":"初始化AI实例: Mon_ClientException_1 (client_exception) 加入 monitoring 组","timestamp":"2026-02-02T07:30:47.983Z"}
{"level":"info","message":"初始化AI实例: Mon_Frontend_1 (frontend) 加入 monitoring 组","timestamp":"2026-02-02T07:30:47.983Z"}
{"level":"info","message":"初始化AI实例: Mon_Backend_1 (backend) 加入 monitoring 组","timestamp":"2026-02-02T07:30:47.983Z"}
{"level":"info","message":"初始化AI实例: Mon_Logging_1 (logging) 加入 monitoring 组","timestamp":"2026-02-02T07:30:47.983Z"}
{"level":"info","message":"初始化AI实例: Mon_Database_1 (database) 加入 monitoring 组","timestamp":"2026-02-02T07:30:47.983Z"}
{"level":"info","message":"初始化AI实例: Mon_LayoutColor_1 (layout_color) 加入 monitoring 组","timestamp":"2026-02-02T07:30:47.983Z"}
{"level":"info","message":"初始化AI实例: Report_1 (management) 加入 reporting 组","timestamp":"2026-02-02T07:30:47.983Z"}
{"level":"info","message":"AI任务调度器已启动","timestamp":"2026-02-02T07:30:47.983Z"}
{"level":"info","message":"AI Core_Functional_1 (functional) 被设为主AI","timestamp":"2026-02-02T07:30:47.983Z"}
{"level":"info","message":"设置主AI: Core_Functional_1 (functional)","timestamp":"2026-02-02T07:30:47.983Z"}
{"level":"info","message":"AI Core_Management_1 (management) 被设为主AI","timestamp":"2026-02-02T07:30:47.983Z"}
{"level":"info","message":"设置主AI: Core_Management_1 (management)","timestamp":"2026-02-02T07:30:47.983Z"}
{"level":"info","message":"AI Core_Performance_1 (performance) 被设为主AI","timestamp":"2026-02-02T07:30:47.983Z"}
{"level":"info","message":"设置主AI: Core_Performance_1 (performance)","timestamp":"2026-02-02T07:30:47.983Z"}
{"level":"info","message":"AI Core_Frontend_1 (frontend) 被设为主AI","timestamp":"2026-02-02T07:30:47.983Z"}
{"level":"info","message":"设置主AI: Core_Frontend_1 (frontend)","timestamp":"2026-02-02T07:30:47.983Z"}
{"level":"info","message":"AI Core_Backend_1 (backend) 被设为主AI","timestamp":"2026-02-02T07:30:47.983Z"}
{"level":"info","message":"设置主AI: Core_Backend_1 (backend)","timestamp":"2026-02-02T07:30:47.983Z"}
{"level":"info","message":"AI Core_Fullstack_1 (fullstack) 被设为主AI","timestamp":"2026-02-02T07:30:47.983Z"}
{"level":"info","message":"设置主AI: Core_Fullstack_1 (fullstack)","timestamp":"2026-02-02T07:30:47.983Z"}
{"level":"info","message":"AI Core_Logging_1 (logging) 被设为主AI","timestamp":"2026-02-02T07:30:47.983Z"}
{"level":"info","message":"设置主AI: Core_Logging_1 (logging)","timestamp":"2026-02-02T07:30:47.983Z"}
{"level":"info","message":"AI Core_Database_1 (database) 被设为主AI","timestamp":"2026-02-02T07:30:47.983Z"}
{"level":"info","message":"设置主AI: Core_Database_1 (database)","timestamp":"2026-02-02T07:30:47.983Z"}
{"level":"info","message":"AI Core_LayoutColor_1 (layout_color) 被设为主AI","timestamp":"2026-02-02T07:30:47.983Z"}
{"level":"info","message":"设置主AI: Core_LayoutColor_1 (layout_color)","timestamp":"2026-02-02T07:30:47.983Z"}
{"level":"info","message":"AI Core_FeatureExpansion_1 (feature_expansion) 被设为主AI","timestamp":"2026-02-02T07:30:47.983Z"}
{"level":"info","message":"设置主AI: Core_FeatureExpansion_1 (feature_expansion)","timestamp":"2026-02-02T07:30:47.983Z"}
{"level":"info","message":"初始化端口监控系统","timestamp":"2026-02-02T07:30:47.983Z"}
{"level":"info","message":"初始化进程监控系统","timestamp":"2026-02-02T07:30:47.984Z"}
{"level":"info","message":"初始化AI自动升级系统","timestamp":"2026-02-02T07:30:47.986Z"}
{"level":"info","message":"AI自动升级系统已启动，每24小时检查一次升级","timestamp":"2026-02-02T07:30:47.986Z"}
{"level":"info","message":"初始化AI分布式部署系统","timestamp":"2026-02-02T07:30:47.986Z"}
{"level":"info","message":"开始按层级和技术层组织AI实例","timestamp":"2026-02-02T07:30:47.986Z"}
{"level":"info","message":"层级 core-system 包含 28 个AI实例","timestamp":"2026-02-02T07:30:47.986Z"}
{"level":"info","message":"AI Core_Functional_1 (functional) 添加同级AI: 2d6004b5-7306-41c2-a445-e4723c07fcc5","timestamp":"2026-02-02T07:30:47.986Z"}
{"level":"info","message":"AI Core_Management_1 (management) 添加同级AI: e536aa13-f9e6-47ab-8d75-1a6b269446f9","timestamp":"2026-02-02T07:30:47.986Z"}
{"level":"info","message":"AI Core_Functional_1 (functional) 添加同级AI: 9790dca9-d228-4b5a-a309-f6c6ae3db24e","timestamp":"2026-02-02T07:30:47.986Z"}
{"level":"info","message":"AI Core_Performance_1 (performance) 添加同级AI: e536aa13-f9e6-47ab-8d75-1a6b269446f9","timestamp":"2026-02-02T07:30:47.987Z"}
{"level":"info","message":"AI Core_Functional_1 (functional) 添加同级AI: c4f97c4e-ad61-4115-81b9-a0383826f113","timestamp":"2026-02-02T07:30:47.987Z"}
{"level":"info","message":"AI Core_Frontend_1 (frontend) 添加同级AI: e536aa13-f9e6-47ab-8d75-1a6b269446f9","timestamp":"2026-02-02T07:30:47.987Z"}
{"level":"info","message":"AI Core_Functional_1 (functional) 添加同级AI: c76037e8-dd82-4abb-8425-b4022902c0af","timestamp":"2026-02-02T07:30:47.987Z"}
{"level":"info","message":"AI Core_Backend_1 (backend) 添加同级AI: e536aa13-f9e6-47ab-8d75-1a6b269446f9","timestamp":"2026-02-02T07:30:47.987Z"}
{"level":"info","message":"AI Core_Functional_1 (functional) 添加同级AI: 856b5d5e-4006-41ae-8159-183e5452b142","timestamp":"2026-02-02T07:30:47.987Z"}
{"level":"info","message":"AI Core_Fullstack_1 (fullstack) 添加同级AI: e536aa13-f9e6-47ab-8d75-1a6b269446f9","timestamp":"2026-02-02T07:30:47.987Z"}
{"level":"info","message":"AI Core_Functional_1 (functional) 添加同级AI: 679c4383-31b6-41f0-9893-f34e95c3dfc9","timestamp":"2026-02-02T07:30:47.987Z"}
{"level":"info","message":"AI Core_Logging_1 (logging) 添加同级AI: e536aa13-f9e6-47ab-8d75-1a6b269446f9","timestamp":"2026-02-02T07:30:47.987Z"}
{"level":"info","message":"AI Core_Functional_1 (functional) 添加同级AI: 8e85b9a5-0c85-4b69-acee-42d61fa1a341","timestamp":"2026-02-02T07:30:47.987Z"}
{"level":"info","message":"AI Core_Database_1 (database) 添加同级AI: e536aa13-f9e6-47ab-8d75-1a6b269446f9","timestamp":"2026-02-02T07:30:47.987Z"}
{"level":"info","message":"AI Core_Functional_1 (functional) 添加同级AI: c2715803-016b-41a8-99a2-1ff8c7ac2a71","timestamp":"2026-02-02T07:30:47.987Z"}
{"level":"info","message":"AI Core_LayoutColor_1 (layout_color) 添加同级AI: e536aa13-f9e6-47ab-8d75-1a6b269446f9","timestamp":"2026-02-02T07:30:47.987Z"}
{"level":"info","message":"AI Core_Functional_1 (functional) 添加同级AI: 57a6fbb4-597f-44cb-ad9f-d61e1486e153","timestamp":"2026-02-02T07:30:47.987Z"}
{"level":"info","message":"AI Core_FeatureExpansion_1 (feature_expansion) 添加同级AI: e536aa13-f9e6-47ab-8d75-1a6b269446f9","timestamp":"2026-02-02T07:30:47.987Z"}
{"level":"info","message":"AI Core_Functional_1 (functional) 添加同级AI: ecea915b-9a74-43a4-bd81-c5968b00f8ae","timestamp":"2026-02-02T07:30:47.987Z"}
{"level":"info","message":"AI Opt_Functional_1 (functional) 添加同级AI: e536aa13-f9e6-47ab-8d75-1a6b269446f9","timestamp":"2026-02-02T07:30:47.987Z"}
{"level":"info","message":"AI Core_Functional_1 (functional) 添加同级AI: 086acaf0-5768-41f2-ac29-96fe7e8f5e12","timestamp":"2026-02-02T07:30:47.987Z"}
{"level":"info","message":"AI Opt_Performance_1 (performance) 添加同级AI: e536aa13-f9e6-47ab-8d75-1a6b269446f9","timestamp":"2026-02-02T07:30:47.987Z"}
{"level":"info","message":"AI Core_Functional_1 (functional) 添加同级AI: a9bc33bf-245b-4f31-90f5-db1eecf24b84","timestamp":"2026-02-02T07:30:47.987Z"}
{"level":"info","message":"AI Opt_Security_1 (security) 添加同级AI: e536aa13-f9e6-47ab-8d75-1a6b269446f9","timestamp":"2026-02-02T07:30:47.987Z"}
{"level":"info","message":"AI Core_Functional_1 (functional) 添加同级AI: 16213780-718e-4d1a-88e3-13dbc044f795","timestamp":"2026-02-02T07:30:47.987Z"}
{"level":"info","message":"AI Opt_Frontend_1 (frontend) 添加同级AI: e536aa13-f9e6-47ab-8d75-1a6b269446f9","timestamp":"2026-02-02T07:30:47.987Z"}
{"level":"info","message":"AI Core_Functional_1 (functional) 添加同级AI: beed10c2-99e2-4290-afd5-095664a7e86d","timestamp":"2026-02-02T07:30:47.987Z"}
{"level":"info","message":"AI Opt_Backend_1 (backend) 添加同级AI: e536aa13-f9e6-47ab-8d75-1a6b269446f9","timestamp":"2026-02-02T07:30:47.987Z"}
{"level":"info","message":"AI Core_Functional_1 (functional) 添加同级AI: b50ee670-1967-4c4a-94de-a3930f065edd","timestamp":"2026-02-02T07:30:47.987Z"}
{"level":"info","message":"AI Opt_Logging_1 (logging) 添加同级AI: e536aa13-f9e6-47ab-8d75-1a6b269446f9","timestamp":"2026-02-02T07:30:47.987Z"}
{"level":"info","message":"AI Core_Functional_1 (functional) 添加同级AI: dc4de166-7091-4ad3-954d-1997bf274996","timestamp":"2026-02-02T07:30:47.987Z"}
{"level":"info","message":"AI Opt_Database_1 (database) 添加同级AI: e536aa13-f9e6-47ab-8d75-1a6b269446f9","timestamp":"2026-02-02T07:30:47.987Z"}
{"level":"info","message":"AI Core_Functional_1 (functional) 添加同级AI: 9cda68b9-d7eb-48e5-bbb3-004d9d43181e","timestamp":"2026-02-02T07:30:47.987Z"}
{"level":"info","message":"AI Opt_LayoutColor_1 (layout_color) 添加同级AI: e536aa13-f9e6-47ab-8d75-1a6b269446f9","timestamp":"2026-02-02T07:30:47.987Z"}
{"level":"info","message":"AI Core_Functional_1 (functional) 添加同级AI: 395dd181-4241-4448-a20a-4c80c1e74e97","timestamp":"2026-02-02T07:30:47.987Z"}
{"level":"info","message":"AI Opt_FeatureExpansion_1 (feature_expansion) 添加同级AI: e536aa13-f9e6-47ab-8d75-1a6b269446f9","timestamp":"2026-02-02T07:30:47.987Z"}
{"level":"info","message":"AI Core_Functional_1 (functional) 添加同级AI: 5330a693-e6c4-4e5c-af07-f3a43172d9d4","timestamp":"2026-02-02T07:30:47.987Z"}
{"level":"info","message":"AI Mon_Performance_1 (performance) 添加同级AI: e536aa13-f9e6-47ab-8d75-1a6b269446f9","timestamp":"2026-02-02T07:30:47.988Z"}
{"level":"info","message":"AI Core_Functional_1 (functional) 添加同级AI: 3fd06e7d-362e-4735-baff-16e0b603bc7e","timestamp":"2026-02-02T07:30:47.988Z"}
{"level":"info","message":"AI Mon_Security_1 (security) 添加同级AI: e536aa13-f9e6-47ab-8d75-1a6b269446f9","timestamp":"2026-02-02T07:30:47.988Z"}
{"level":"info","message":"AI Core_Functional_1 (functional) 添加同级AI: e3c7a4f6-eeba-4bd6-bc2a-1f19d978ab8e","timestamp":"2026-02-02T07:30:47.988Z"}
{"level":"info","message":"AI Mon_ClientException_1 (client_exception) 添加同级AI: e536aa13-f9e6-47ab-8d75-1a6b269446f9","timestamp":"2026-02-02T07:30:47.988Z"}
{"level":"info","message":"AI Core_Functional_1 (functional) 添加同级AI: aa1afd3b-3ace-43d0-8c4d-b9c9ce450127","timestamp":"2026-02-02T07:30:47.988Z"}
{"level":"info","message":"AI Mon_Frontend_1 (frontend) 添加同级AI: e536aa13-f9e6-47ab-8d75-1a6b269446f9","timestamp":"2026-02-02T07:30:47.988Z"}
{"level":"info","message":"AI Core_Functional_1 (functional) 添加同级AI: 5d170c9b-eb03-4b38-b18c-63097c03baf6","timestamp":"2026-02-02T07:30:47.988Z"}
{"level":"info","message":"AI Mon_Backend_1 (backend) 添加同级AI: e536aa13-f9e6-47ab-8d75-1a6b269446f9","timestamp":"2026-02-02T07:30:47.988Z"}
{"level":"info","message":"AI Core_Functional_1 (functional) 添加同级AI: d12d578b-8ddf-4a92-91cc-986a634fb39a","timestamp":"2026-02-02T07:30:47.988Z"}
{"level":"info","message":"AI Mon_Logging_1 (logging) 添加同级AI: e536aa13-f9e6-47ab-8d75-1a6b269446f9","timestamp":"2026-02-02T07:30:47.988Z"}
{"level":"info","message":"AI Core_Functional_1 (functional) 添加同级AI: 7e35b1fb-a082-4639-a793-8a570fd44e3d","timestamp":"2026-02-02T07:30:47.988Z"}
{"level":"info","message":"AI Mon_Database_1 (database) 添加同级AI: e536aa13-f9e6-47ab-8d75-1a6b269446f9","timestamp":"2026-02-02T07:30:47.988Z"}
{"level":"info","message":"AI Core_Functional_1 (functional) 添加同级AI: b0985467-109d-4f42-9183-e95662e822cc","timestamp":"2026-02-02T07:30:47.988Z"}
{"level":"info","message":"AI Mon_LayoutColor_1 (layout_color) 添加同级AI: e536aa13-f9e6-47ab-8d75-1a6b269446f9","timestamp":"2026-02-02T07:30:47.988Z"}
{"level":"info","message":"AI Core_Functional_1 (functional) 添加同级AI: 5c37ffbc-8666-4e6a-a96c-c3d7a23133b7","timestamp":"2026-02-02T07:30:47.988Z"}
{"level":"info","message":"AI Report_1 (management) 添加同级AI: e536aa13-f9e6-47ab-8d75-1a6b269446f9","timestamp":"2026-02-02T07:30:47.988Z"}
{"level":"info","message":"AI Core_Management_1 (management) 添加同级AI: 9790dca9-d228-4b5a-a309-f6c6ae3db24e","timestamp":"2026-02-02T07:30:47.988Z"}
{"level":"info","message":"AI Core_Performance_1 (performance) 添加同级AI: 2d6004b5-7306-41c2-a445-e4723c07fcc5","timestamp":"2026-02-02T07:30:47.988Z"}
{"level":"info","message":"AI Core_Management_1 (management) 添加同级AI: c4f97c4e-ad61-4115-81b9-a0383826f113","timestamp":"2026-02-02T07:30:47.988Z"}
{"level":"info","message":"AI Core_Frontend_1 (frontend) 添加同级AI: 2d6004b5-7306-41c2-a445-e4723c07fcc5","timestamp":"2026-02-02T07:30:47.988Z"}
{"level":"info","message":"AI Core_Management_1 (management) 添加同级AI: c76037e8-dd82-4abb-8425-b4022902c0af","timestamp":"2026-02-02T07:30:47.988Z"}
{"level":"info","message":"AI Core_Backend_1 (backend) 添加同级AI: 2d6004b5-7306-41c2-a445-e4723c07fcc5","timestamp":"2026-02-02T07:30:47.988Z"}
{"level":"info","message":"AI Core_Management_1 (management) 添加同级AI: 856b5d5e-4006-41ae-8159-183e5452b142","timestamp":"2026-02-02T07:30:47.988Z"}
{"level":"info","message":"AI Core_Fullstack_1 (fullstack) 添加同级AI: 2d6004b5-7306-41c2-a445-e4723c07fcc5","timestamp":"2026-02-02T07:30:47.988Z"}
{"level":"info","message":"AI Core_Management_1 (management) 添加同级AI: 679c4383-31b6-41f0-9893-f34e95c3dfc9","timestamp":"2026-02-02T07:30:47.988Z"}
{"level":"info","message":"AI Core_Logging_1 (logging) 添加同级AI: 2d6004b5-7306-41c2-a445-e4723c07fcc5","timestamp":"2026-02-02T07:30:47.988Z"}
{"level":"info","message":"AI Core_Management_1 (management) 添加同级AI: 8e85b9a5-0c85-4b69-acee-42d61fa1a341","timestamp":"2026-02-02T07:30:47.988Z"}
{"level":"info","message":"AI Core_Database_1 (database) 添加同级AI: 2d6004b5-7306-41c2-a445-e4723c07fcc5","timestamp":"2026-02-02T07:30:47.988Z"}
{"level":"info","message":"AI Core_Management_1 (management) 添加同级AI: c2715803-016b-41a8-99a2-1ff8c7ac2a71","timestamp":"2026-02-02T07:30:47.989Z"}
{"level":"info","message":"AI Core_LayoutColor_1 (layout_color) 添加同级AI: 2d6004b5-7306-41c2-a445-e4723c07fcc5","timestamp":"2026-02-02T07:30:47.989Z"}
{"level":"info","message":"AI Core_Management_1 (management) 添加同级AI: 57a6fbb4-597f-44cb-ad9f-d61e1486e153","timestamp":"2026-02-02T07:30:47.989Z"}
{"level":"info","message":"AI Core_FeatureExpansion_1 (feature_expansion) 添加同级AI: 2d6004b5-7306-41c2-a445-e4723c07fcc5","timestamp":"2026-02-02T07:30:47.989Z"}
{"level":"info","message":"AI Core_Management_1 (management) 添加同级AI: ecea915b-9a74-43a4-bd81-c5968b00f8ae","timestamp":"2026-02-02T07:30:47.989Z"}
{"level":"info","message":"AI Opt_Functional_1 (functional) 添加同级AI: 2d6004b5-7306-41c2-a445-e4723c07fcc5","timestamp":"2026-02-02T07:30:47.989Z"}
{"level":"info","message":"AI Core_Management_1 (management) 添加同级AI: 086acaf0-5768-41f2-ac29-96fe7e8f5e12","timestamp":"2026-02-02T07:30:47.989Z"}
{"level":"info","message":"AI Opt_Performance_1 (performance) 添加同级AI: 2d6004b5-7306-41c2-a445-e4723c07fcc5","timestamp":"2026-02-02T07:30:47.989Z"}
{"level":"info","message":"AI Core_Management_1 (management) 添加同级AI: a9bc33bf-245b-4f31-90f5-db1eecf24b84","timestamp":"2026-02-02T07:30:47.989Z"}
{"level":"info","message":"AI Opt_Security_1 (security) 添加同级AI: 2d6004b5-7306-41c2-a445-e4723c07fcc5","timestamp":"2026-02-02T07:30:47.989Z"}
{"level":"info","message":"AI Core_Management_1 (management) 添加同级AI: 16213780-718e-4d1a-88e3-13dbc044f795","timestamp":"2026-02-02T07:30:47.989Z"}
{"level":"info","message":"AI Opt_Frontend_1 (frontend) 添加同级AI: 2d6004b5-7306-41c2-a445-e4723c07fcc5","timestamp":"2026-02-02T07:30:47.989Z"}
{"level":"info","message":"AI Core_Management_1 (management) 添加同级AI: beed10c2-99e2-4290-afd5-095664a7e86d","timestamp":"2026-02-02T07:30:47.989Z"}
{"level":"info","message":"AI Opt_Backend_1 (backend) 添加同级AI: 2d6004b5-7306-41c2-a445-e4723c07fcc5","timestamp":"2026-02-02T07:30:47.989Z"}
{"level":"info","message":"AI Core_Management_1 (management) 添加同级AI: b50ee670-1967-4c4a-94de-a3930f065edd","timestamp":"2026-02-02T07:30:47.989Z"}
{"level":"info","message":"AI Opt_Logging_1 (logging) 添加同级AI: 2d6004b5-7306-41c2-a445-e4723c07fcc5","timestamp":"2026-02-02T07:30:47.989Z"}
{"level":"info","message":"AI Core_Management_1 (management) 添加同级AI: dc4de166-7091-4ad3-954d-1997bf274996","timestamp":"2026-02-02T07:30:47.989Z"}
{"level":"info","message":"AI Opt_Database_1 (database) 添加同级AI: 2d6004b5-7306-41c2-a445-e4723c07fcc5","timestamp":"2026-02-02T07:30:47.989Z"}
{"level":"info","message":"AI Core_Management_1 (management) 添加同级AI: 9cda68b9-d7eb-48e5-bbb3-004d9d43181e","timestamp":"2026-02-02T07:30:47.989Z"}
{"level":"info","message":"AI Opt_LayoutColor_1 (layout_color) 添加同级AI: 2d6004b5-7306-41c2-a445-e4723c07fcc5","timestamp":"2026-02-02T07:30:47.989Z"}
{"level":"info","message":"AI Core_Management_1 (management) 添加同级AI: 395dd181-4241-4448-a20a-4c80c1e74e97","timestamp":"2026-02-02T07:30:47.989Z"}
{"level":"info","message":"AI Opt_FeatureExpansion_1 (feature_expansion) 添加同级AI: 2d6004b5-7306-41c2-a445-e4723c07fcc5","timestamp":"2026-02-02T07:30:47.989Z"}
{"level":"info","message":"AI Core_Management_1 (management) 添加同级AI: 5330a693-e6c4-4e5c-af07-f3a43172d9d4","timestamp":"2026-02-02T07:30:47.989Z"}
{"level":"info","message":"AI Mon_Performance_1 (performance) 添加同级AI: 2d6004b5-7306-41c2-a445-e4723c07fcc5","timestamp":"2026-02-02T07:30:47.989Z"}
{"level":"info","message":"AI Core_Management_1 (management) 添加同级AI: 3fd06e7d-362e-4735-baff-16e0b603bc7e","timestamp":"2026-02-02T07:30:47.989Z"}
{"level":"info","message":"AI Mon_Security_1 (security) 添加同级AI: 2d6004b5-7306-41c2-a445-e4723c07fcc5","timestamp":"2026-02-02T07:30:47.989Z"}
{"level":"info","message":"AI Core_Management_1 (management) 添加同级AI: e3c7a4f6-eeba-4bd6-bc2a-1f19d978ab8e","timestamp":"2026-02-02T07:30:47.989Z"}
{"level":"info","message":"AI Mon_ClientException_1 (client_exception) 添加同级AI: 2d6004b5-7306-41c2-a445-e4723c07fcc5","timestamp":"2026-02-02T07:30:47.989Z"}
{"level":"info","message":"AI Core_Management_1 (management) 添加同级AI: aa1afd3b-3ace-43d0-8c4d-b9c9ce450127","timestamp":"2026-02-02T07:30:47.989Z"}
{"level":"info","message":"AI Mon_Frontend_1 (frontend) 添加同级AI: 2d6004b5-7306-41c2-a445-e4723c07fcc5","timestamp":"2026-02-02T07:30:47.989Z"}
{"level":"info","message":"AI Core_Management_1 (management) 添加同级AI: 5d170c9b-eb03-4b38-b18c-63097c03baf6","timestamp":"2026-02-02T07:30:47.989Z"}
{"level":"info","message":"AI Mon_Backend_1 (backend) 添加同级AI: 2d6004b5-7306-41c2-a445-e4723c07fcc5","timestamp":"2026-02-02T07:30:47.989Z"}
{"level":"info","message":"AI Core_Management_1 (management) 添加同级AI: d12d578b-8ddf-4a92-91cc-986a634fb39a","timestamp":"2026-02-02T07:30:47.989Z"}
{"level":"info","message":"AI Mon_Logging_1 (logging) 添加同级AI: 2d6004b5-7306-41c2-a445-e4723c07fcc5","timestamp":"2026-02-02T07:30:47.989Z"}
{"level":"info","message":"AI Core_Management_1 (management) 添加同级AI: 7e35b1fb-a082-4639-a793-8a570fd44e3d","timestamp":"2026-02-02T07:30:47.989Z"}
{"level":"info","message":"AI Mon_Database_1 (database) 添加同级AI: 2d6004b5-7306-41c2-a445-e4723c07fcc5","timestamp":"2026-02-02T07:30:47.989Z"}
{"level":"info","message":"AI Core_Management_1 (management) 添加同级AI: b0985467-109d-4f42-9183-e95662e822cc","timestamp":"2026-02-02T07:30:47.989Z"}
{"level":"info","message":"AI Mon_LayoutColor_1 (layout_color) 添加同级AI: 2d6004b5-7306-41c2-a445-e4723c07fcc5","timestamp":"2026-02-02T07:30:47.989Z"}
{"level":"info","message":"AI Core_Management_1 (management) 添加同级AI: 5c37ffbc-8666-4e6a-a96c-c3d7a23133b7","timestamp":"2026-02-02T07:30:47.989Z"}
{"level":"info","message":"AI Report_1 (management) 添加同级AI: 2d6004b5-7306-41c2-a445-e4723c07fcc5","timestamp":"2026-02-02T07:30:47.989Z"}
{"level":"info","message":"AI Core_Performance_1 (performance) 添加同级AI: c4f97c4e-ad61-4115-81b9-a0383826f113","timestamp":"2026-02-02T07:30:47.989Z"}
{"level":"info","message":"AI Core_Frontend_1 (frontend) 添加同级AI: 9790dca9-d228-4b5a-a309-f6c6ae3db24e","timestamp":"2026-02-02T07:30:47.989Z"}
{"level":"info","message":"AI Core_Performance_1 (performance) 添加同级AI: c76037e8-dd82-4abb-8425-b4022902c0af","timestamp":"2026-02-02T07:30:47.989Z"}
{"level":"info","message":"AI Core_Backend_1 (backend) 添加同级AI: 9790dca9-d228-4b5a-a309-f6c6ae3db24e","timestamp":"2026-02-02T07:30:47.989Z"}
{"level":"info","message":"AI Core_Performance_1 (performance) 添加同级AI: 856b5d5e-4006-41ae-8159-183e5452b142","timestamp":"2026-02-02T07:30:47.989Z"}
{"level":"info","message":"AI Core_Fullstack_1 (fullstack) 添加同级AI: 9790dca9-d228-4b5a-a309-f6c6ae3db24e","timestamp":"2026-02-02T07:30:47.989Z"}
{"level":"info","message":"AI Core_Performance_1 (performance) 添加同级AI: 679c4383-31b6-41f0-9893-f34e95c3dfc9","timestamp":"2026-02-02T07:30:47.989Z"}
{"level":"info","message":"AI Core_Logging_1 (logging) 添加同级AI: 9790dca9-d228-4b5a-a309-f6c6ae3db24e","timestamp":"2026-02-02T07:30:47.989Z"}
{"level":"info","message":"AI Core_Performance_1 (performance) 添加同级AI: 8e85b9a5-0c85-4b69-acee-42d61fa1a341","timestamp":"2026-02-02T07:30:47.989Z"}
{"level":"info","message":"AI Core_Database_1 (database) 添加同级AI: 9790dca9-d228-4b5a-a309-f6c6ae3db24e","timestamp":"2026-02-02T07:30:47.989Z"}
{"level":"info","message":"AI Core_Performance_1 (performance) 添加同级AI: c2715803-016b-41a8-99a2-1ff8c7ac2a71","timestamp":"2026-02-02T07:30:47.989Z"}
{"level":"info","message":"AI Core_LayoutColor_1 (layout_color) 添加同级AI: 9790dca9-d228-4b5a-a309-f6c6ae3db24e","timestamp":"2026-02-02T07:30:47.989Z"}
{"level":"info","message":"AI Core_Performance_1 (performance) 添加同级AI: 57a6fbb4-597f-44cb-ad9f-d61e1486e153","timestamp":"2026-02-02T07:30:47.989Z"}
{"level":"info","message":"AI Core_FeatureExpansion_1 (feature_expansion) 添加同级AI: 9790dca9-d228-4b5a-a309-f6c6ae3db24e","timestamp":"2026-02-02T07:30:47.989Z"}
{"level":"info","message":"AI Core_Performance_1 (performance) 添加同级AI: ecea915b-9a74-43a4-bd81-c5968b00f8ae","timestamp":"2026-02-02T07:30:47.989Z"}
{"level":"info","message":"AI Opt_Functional_1 (functional) 添加同级AI: 9790dca9-d228-4b5a-a309-f6c6ae3db24e","timestamp":"2026-02-02T07:30:47.989Z"}
{"level":"info","message":"AI Core_Performance_1 (performance) 添加同级AI: 086acaf0-5768-41f2-ac29-96fe7e8f5e12","timestamp":"2026-02-02T07:30:47.989Z"}
{"level":"info","message":"AI Opt_Performance_1 (performance) 添加同级AI: 9790dca9-d228-4b5a-a309-f6c6ae3db24e","timestamp":"2026-02-02T07:30:47.989Z"}
{"level":"info","message":"AI Core_Performance_1 (performance) 添加同级AI: a9bc33bf-245b-4f31-90f5-db1eecf24b84","timestamp":"2026-02-02T07:30:47.989Z"}
{"level":"info","message":"AI Opt_Security_1 (security) 添加同级AI: 9790dca9-d228-4b5a-a309-f6c6ae3db24e","timestamp":"2026-02-02T07:30:47.989Z"}
{"level":"info","message":"AI Core_Performance_1 (performance) 添加同级AI: 16213780-718e-4d1a-88e3-13dbc044f795","timestamp":"2026-02-02T07:30:47.990Z"}
{"level":"info","message":"AI Opt_Frontend_1 (frontend) 添加同级AI: 9790dca9-d228-4b5a-a309-f6c6ae3db24e","timestamp":"2026-02-02T07:30:47.990Z"}
{"level":"info","message":"AI Core_Performance_1 (performance) 添加同级AI: beed10c2-99e2-4290-afd5-095664a7e86d","timestamp":"2026-02-02T07:30:47.990Z"}
{"level":"info","message":"AI Opt_Backend_1 (backend) 添加同级AI: 9790dca9-d228-4b5a-a309-f6c6ae3db24e","timestamp":"2026-02-02T07:30:47.990Z"}
{"level":"info","message":"AI Core_Performance_1 (performance) 添加同级AI: b50ee670-1967-4c4a-94de-a3930f065edd","timestamp":"2026-02-02T07:30:47.990Z"}
{"level":"info","message":"AI Opt_Logging_1 (logging) 添加同级AI: 9790dca9-d228-4b5a-a309-f6c6ae3db24e","timestamp":"2026-02-02T07:30:47.990Z"}
{"level":"info","message":"AI Core_Performance_1 (performance) 添加同级AI: dc4de166-7091-4ad3-954d-1997bf274996","timestamp":"2026-02-02T07:30:47.990Z"}
{"level":"info","message":"AI Opt_Database_1 (database) 添加同级AI: 9790dca9-d228-4b5a-a309-f6c6ae3db24e","timestamp":"2026-02-02T07:30:47.990Z"}
{"level":"info","message":"AI Core_Performance_1 (performance) 添加同级AI: 9cda68b9-d7eb-48e5-bbb3-004d9d43181e","timestamp":"2026-02-02T07:30:47.990Z"}
{"level":"info","message":"AI Opt_LayoutColor_1 (layout_color) 添加同级AI: 9790dca9-d228-4b5a-a309-f6c6ae3db24e","timestamp":"2026-02-02T07:30:47.990Z"}
{"level":"info","message":"AI Core_Performance_1 (performance) 添加同级AI: 395dd181-4241-4448-a20a-4c80c1e74e97","timestamp":"2026-02-02T07:30:47.990Z"}
{"level":"info","message":"AI Opt_FeatureExpansion_1 (feature_expansion) 添加同级AI: 9790dca9-d228-4b5a-a309-f6c6ae3db24e","timestamp":"2026-02-02T07:30:47.990Z"}
{"level":"info","message":"AI Core_Performance_1 (performance) 添加同级AI: 5330a693-e6c4-4e5c-af07-f3a43172d9d4","timestamp":"2026-02-02T07:30:47.990Z"}
{"level":"info","message":"AI Mon_Performance_1 (performance) 添加同级AI: 9790dca9-d228-4b5a-a309-f6c6ae3db24e","timestamp":"2026-02-02T07:30:47.990Z"}
{"level":"info","message":"AI Core_Performance_1 (performance) 添加同级AI: 3fd06e7d-362e-4735-baff-16e0b603bc7e","timestamp":"2026-02-02T07:30:47.990Z"}
{"level":"info","message":"AI Mon_Security_1 (security) 添加同级AI: 9790dca9-d228-4b5a-a309-f6c6ae3db24e","timestamp":"2026-02-02T07:30:47.990Z"}
{"level":"info","message":"AI Core_Performance_1 (performance) 添加同级AI: e3c7a4f6-eeba-4bd6-bc2a-1f19d978ab8e","timestamp":"2026-02-02T07:30:47.990Z"}
{"level":"info","message":"AI Mon_ClientException_1 (client_exception) 添加同级AI: 9790dca9-d228-4b5a-a309-f6c6ae3db24e","timestamp":"2026-02-02T07:30:47.990Z"}
{"level":"info","message":"AI Core_Performance_1 (performance) 添加同级AI: aa1afd3b-3ace-43d0-8c4d-b9c9ce450127","timestamp":"2026-02-02T07:30:47.990Z"}
{"level":"info","message":"AI Mon_Frontend_1 (frontend) 添加同级AI: 9790dca9-d228-4b5a-a309-f6c6ae3db24e","timestamp":"2026-02-02T07:30:47.990Z"}
{"level":"info","message":"AI Core_Performance_1 (performance) 添加同级AI: 5d170c9b-eb03-4b38-b18c-63097c03baf6","timestamp":"2026-02-02T07:30:47.990Z"}
{"level":"info","message":"AI Mon_Backend_1 (backend) 添加同级AI: 9790dca9-d228-4b5a-a309-f6c6ae3db24e","timestamp":"2026-02-02T07:30:47.990Z"}
{"level":"info","message":"AI Core_Performance_1 (performance) 添加同级AI: d12d578b-8ddf-4a92-91cc-986a634fb39a","timestamp":"2026-02-02T07:30:47.990Z"}
{"level":"info","message":"AI Mon_Logging_1 (logging) 添加同级AI: 9790dca9-d228-4b5a-a309-f6c6ae3db24e","timestamp":"2026-02-02T07:30:47.990Z"}
{"level":"info","message":"AI Core_Performance_1 (performance) 添加同级AI: 7e35b1fb-a082-4639-a793-8a570fd44e3d","timestamp":"2026-02-02T07:30:47.990Z"}
{"level":"info","message":"AI Mon_Database_1 (database) 添加同级AI: 9790dca9-d228-4b5a-a309-f6c6ae3db24e","timestamp":"2026-02-02T07:30:47.990Z"}
{"level":"info","message":"AI Core_Performance_1 (performance) 添加同级AI: b0985467-109d-4f42-9183-e95662e822cc","timestamp":"2026-02-02T07:30:47.990Z"}
{"level":"info","message":"AI Mon_LayoutColor_1 (layout_color) 添加同级AI: 9790dca9-d228-4b5a-a309-f6c6ae3db24e","timestamp":"2026-02-02T07:30:47.990Z"}
{"level":"info","message":"AI Core_Performance_1 (performance) 添加同级AI: 5c37ffbc-8666-4e6a-a96c-c3d7a23133b7","timestamp":"2026-02-02T07:30:47.990Z"}
{"level":"info","message":"AI Report_1 (management) 添加同级AI: 9790dca9-d228-4b5a-a309-f6c6ae3db24e","timestamp":"2026-02-02T07:30:47.990Z"}
{"level":"info","message":"AI Core_Frontend_1 (frontend) 添加同级AI: c76037e8-dd82-4abb-8425-b4022902c0af","timestamp":"2026-02-02T07:30:47.990Z"}
{"level":"info","message":"AI Core_Backend_1 (backend) 添加同级AI: c4f97c4e-ad61-4115-81b9-a0383826f113","timestamp":"2026-02-02T07:30:47.990Z"}
{"level":"info","message":"AI Core_Frontend_1 (frontend) 添加同级AI: 856b5d5e-4006-41ae-8159-183e5452b142","timestamp":"2026-02-02T07:30:47.990Z"}
{"level":"info","message":"AI Core_Fullstack_1 (fullstack) 添加同级AI: c4f97c4e-ad61-4115-81b9-a0383826f113","timestamp":"2026-02-02T07:30:47.990Z"}
{"level":"info","message":"AI Core_Frontend_1 (frontend) 添加同级AI: 679c4383-31b6-41f0-9893-f34e95c3dfc9","timestamp":"2026-02-02T07:30:47.990Z"}
{"level":"info","message":"AI Core_Logging_1 (logging) 添加同级AI: c4f97c4e-ad61-4115-81b9-a0383826f113","timestamp":"2026-02-02T07:30:47.990Z"}
{"level":"info","message":"AI Core_Frontend_1 (frontend) 添加同级AI: 8e85b9a5-0c85-4b69-acee-42d61fa1a341","timestamp":"2026-02-02T07:30:47.990Z"}
{"level":"info","message":"AI Core_Database_1 (database) 添加同级AI: c4f97c4e-ad61-4115-81b9-a0383826f113","timestamp":"2026-02-02T07:30:47.990Z"}
{"level":"info","message":"AI Core_Frontend_1 (frontend) 添加同级AI: c2715803-016b-41a8-99a2-1ff8c7ac2a71","timestamp":"2026-02-02T07:30:47.990Z"}
{"level":"info","message":"AI Core_LayoutColor_1 (layout_color) 添加同级AI: c4f97c4e-ad61-4115-81b9-a0383826f113","timestamp":"2026-02-02T07:30:47.990Z"}
{"level":"info","message":"AI Core_Frontend_1 (frontend) 添加同级AI: 57a6fbb4-597f-44cb-ad9f-d61e1486e153","timestamp":"2026-02-02T07:30:47.990Z"}
{"level":"info","message":"AI Core_FeatureExpansion_1 (feature_expansion) 添加同级AI: c4f97c4e-ad61-4115-81b9-a0383826f113","timestamp":"2026-02-02T07:30:47.990Z"}
{"level":"info","message":"AI Core_Frontend_1 (frontend) 添加同级AI: ecea915b-9a74-43a4-bd81-c5968b00f8ae","timestamp":"2026-02-02T07:30:47.990Z"}
{"level":"info","message":"AI Opt_Functional_1 (functional) 添加同级AI: c4f97c4e-ad61-4115-81b9-a0383826f113","timestamp":"2026-02-02T07:30:47.990Z"}
{"level":"info","message":"AI Core_Frontend_1 (frontend) 添加同级AI: 086acaf0-5768-41f2-ac29-96fe7e8f5e12","timestamp":"2026-02-02T07:30:47.990Z"}
{"level":"info","message":"AI Opt_Performance_1 (performance) 添加同级AI: c4f97c4e-ad61-4115-81b9-a0383826f113","timestamp":"2026-02-02T07:30:47.990Z"}
{"level":"info","message":"AI Core_Frontend_1 (frontend) 添加同级AI: a9bc33bf-245b-4f31-90f5-db1eecf24b84","timestamp":"2026-02-02T07:30:47.990Z"}
{"level":"info","message":"AI Opt_Security_1 (security) 添加同级AI: c4f97c4e-ad61-4115-81b9-a0383826f113","timestamp":"2026-02-02T07:30:47.990Z"}
{"level":"info","message":"AI Core_Frontend_1 (frontend) 添加同级AI: 16213780-718e-4d1a-88e3-13dbc044f795","timestamp":"2026-02-02T07:30:47.990Z"}
{"level":"info","message":"AI Opt_Frontend_1 (frontend) 添加同级AI: c4f97c4e-ad61-4115-81b9-a0383826f113","timestamp":"2026-02-02T07:30:47.991Z"}
{"level":"info","message":"AI Core_Frontend_1 (frontend) 添加同级AI: beed10c2-99e2-4290-afd5-095664a7e86d","timestamp":"2026-02-02T07:30:47.991Z"}
{"level":"info","message":"AI Opt_Backend_1 (backend) 添加同级AI: c4f97c4e-ad61-4115-81b9-a0383826f113","timestamp":"2026-02-02T07:30:47.991Z"}
{"level":"info","message":"AI Core_Frontend_1 (frontend) 添加同级AI: b50ee670-1967-4c4a-94de-a3930f065edd","timestamp":"2026-02-02T07:30:47.991Z"}
{"level":"info","message":"AI Opt_Logging_1 (logging) 添加同级AI: c4f97c4e-ad61-4115-81b9-a0383826f113","timestamp":"2026-02-02T07:30:47.991Z"}
{"level":"info","message":"AI Core_Frontend_1 (frontend) 添加同级AI: dc4de166-7091-4ad3-954d-1997bf274996","timestamp":"2026-02-02T07:30:47.991Z"}
{"level":"info","message":"AI Opt_Database_1 (database) 添加同级AI: c4f97c4e-ad61-4115-81b9-a0383826f113","timestamp":"2026-02-02T07:30:47.991Z"}
{"level":"info","message":"AI Core_Frontend_1 (frontend) 添加同级AI: 9cda68b9-d7eb-48e5-bbb3-004d9d43181e","timestamp":"2026-02-02T07:30:47.991Z"}
{"level":"info","message":"AI Opt_LayoutColor_1 (layout_color) 添加同级AI: c4f97c4e-ad61-4115-81b9-a0383826f113","timestamp":"2026-02-02T07:30:47.991Z"}
{"level":"info","message":"AI Core_Frontend_1 (frontend) 添加同级AI: 395dd181-4241-4448-a20a-4c80c1e74e97","timestamp":"2026-02-02T07:30:47.991Z"}
{"level":"info","message":"AI Opt_FeatureExpansion_1 (feature_expansion) 添加同级AI: c4f97c4e-ad61-4115-81b9-a0383826f113","timestamp":"2026-02-02T07:30:47.991Z"}
{"level":"info","message":"AI Core_Frontend_1 (frontend) 添加同级AI: 5330a693-e6c4-4e5c-af07-f3a43172d9d4","timestamp":"2026-02-02T07:30:47.991Z"}
{"level":"info","message":"AI Mon_Performance_1 (performance) 添加同级AI: c4f97c4e-ad61-4115-81b9-a0383826f113","timestamp":"2026-02-02T07:30:47.991Z"}
{"level":"info","message":"AI Core_Frontend_1 (frontend) 添加同级AI: 3fd06e7d-362e-4735-baff-16e0b603bc7e","timestamp":"2026-02-02T07:30:47.991Z"}
{"level":"info","message":"AI Mon_Security_1 (security) 添加同级AI: c4f97c4e-ad61-4115-81b9-a0383826f113","timestamp":"2026-02-02T07:30:47.991Z"}
{"level":"info","message":"AI Core_Frontend_1 (frontend) 添加同级AI: e3c7a4f6-eeba-4bd6-bc2a-1f19d978ab8e","timestamp":"2026-02-02T07:30:47.991Z"}
{"level":"info","message":"AI Mon_ClientException_1 (client_exception) 添加同级AI: c4f97c4e-ad61-4115-81b9-a0383826f113","timestamp":"2026-02-02T07:30:47.991Z"}
{"level":"info","message":"AI Core_Frontend_1 (frontend) 添加同级AI: aa1afd3b-3ace-43d0-8c4d-b9c9ce450127","timestamp":"2026-02-02T07:30:47.991Z"}
{"level":"info","message":"AI Mon_Frontend_1 (frontend) 添加同级AI: c4f97c4e-ad61-4115-81b9-a0383826f113","timestamp":"2026-02-02T07:30:47.991Z"}
{"level":"info","message":"AI Core_Frontend_1 (frontend) 添加同级AI: 5d170c9b-eb03-4b38-b18c-63097c03baf6","timestamp":"2026-02-02T07:30:47.991Z"}
{"level":"info","message":"AI Mon_Backend_1 (backend) 添加同级AI: c4f97c4e-ad61-4115-81b9-a0383826f113","timestamp":"2026-02-02T07:30:47.991Z"}
{"level":"info","message":"AI Core_Frontend_1 (frontend) 添加同级AI: d12d578b-8ddf-4a92-91cc-986a634fb39a","timestamp":"2026-02-02T07:30:47.991Z"}
{"level":"info","message":"AI Mon_Logging_1 (logging) 添加同级AI: c4f97c4e-ad61-4115-81b9-a0383826f113","timestamp":"2026-02-02T07:30:47.991Z"}
{"level":"info","message":"AI Core_Frontend_1 (frontend) 添加同级AI: 7e35b1fb-a082-4639-a793-8a570fd44e3d","timestamp":"2026-02-02T07:30:47.991Z"}
{"level":"info","message":"AI Mon_Database_1 (database) 添加同级AI: c4f97c4e-ad61-4115-81b9-a0383826f113","timestamp":"2026-02-02T07:30:47.991Z"}
{"level":"info","message":"AI Core_Frontend_1 (frontend) 添加同级AI: b0985467-109d-4f42-9183-e95662e822cc","timestamp":"2026-02-02T07:30:48.000Z"}
{"level":"info","message":"AI Mon_LayoutColor_1 (layout_color) 添加同级AI: c4f97c4e-ad61-4115-81b9-a0383826f113","timestamp":"2026-02-02T07:30:48.001Z"}
{"level":"info","message":"AI Core_Frontend_1 (frontend) 添加同级AI: 5c37ffbc-8666-4e6a-a96c-c3d7a23133b7","timestamp":"2026-02-02T07:30:48.001Z"}
{"level":"info","message":"AI Report_1 (management) 添加同级AI: c4f97c4e-ad61-4115-81b9-a0383826f113","timestamp":"2026-02-02T07:30:48.001Z"}
{"level":"info","message":"AI Core_Backend_1 (backend) 添加同级AI: 856b5d5e-4006-41ae-8159-183e5452b142","timestamp":"2026-02-02T07:30:48.001Z"}
{"level":"info","message":"AI Core_Fullstack_1 (fullstack) 添加同级AI: c76037e8-dd82-4abb-8425-b4022902c0af","timestamp":"2026-02-02T07:30:48.001Z"}
{"level":"info","message":"AI Core_Backend_1 (backend) 添加同级AI: 679c4383-31b6-41f0-9893-f34e95c3dfc9","timestamp":"2026-02-02T07:30:48.001Z"}
{"level":"info","message":"AI Core_Logging_1 (logging) 添加同级AI: c76037e8-dd82-4abb-8425-b4022902c0af","timestamp":"2026-02-02T07:30:48.001Z"}
{"level":"info","message":"AI Core_Backend_1 (backend) 添加同级AI: 8e85b9a5-0c85-4b69-acee-42d61fa1a341","timestamp":"2026-02-02T07:30:48.001Z"}
{"level":"info","message":"AI Core_Database_1 (database) 添加同级AI: c76037e8-dd82-4abb-8425-b4022902c0af","timestamp":"2026-02-02T07:30:48.001Z"}
{"level":"info","message":"AI Core_Backend_1 (backend) 添加同级AI: c2715803-016b-41a8-99a2-1ff8c7ac2a71","timestamp":"2026-02-02T07:30:48.001Z"}
{"level":"info","message":"AI Core_LayoutColor_1 (layout_color) 添加同级AI: c76037e8-dd82-4abb-8425-b4022902c0af","timestamp":"2026-02-02T07:30:48.001Z"}
{"level":"info","message":"AI Core_Backend_1 (backend) 添加同级AI: 57a6fbb4-597f-44cb-ad9f-d61e1486e153","timestamp":"2026-02-02T07:30:48.001Z"}
{"level":"info","message":"AI Core_FeatureExpansion_1 (feature_expansion) 添加同级AI: c76037e8-dd82-4abb-8425-b4022902c0af","timestamp":"2026-02-02T07:30:48.001Z"}
{"level":"info","message":"AI Core_Backend_1 (backend) 添加同级AI: ecea915b-9a74-43a4-bd81-c5968b00f8ae","timestamp":"2026-02-02T07:30:48.001Z"}
{"level":"info","message":"AI Opt_Functional_1 (functional) 添加同级AI: c76037e8-dd82-4abb-8425-b4022902c0af","timestamp":"2026-02-02T07:30:48.001Z"}
{"level":"info","message":"AI Core_Backend_1 (backend) 添加同级AI: 086acaf0-5768-41f2-ac29-96fe7e8f5e12","timestamp":"2026-02-02T07:30:48.001Z"}
{"level":"info","message":"AI Opt_Performance_1 (performance) 添加同级AI: c76037e8-dd82-4abb-8425-b4022902c0af","timestamp":"2026-02-02T07:30:48.001Z"}
{"level":"info","message":"AI Core_Backend_1 (backend) 添加同级AI: a9bc33bf-245b-4f31-90f5-db1eecf24b84","timestamp":"2026-02-02T07:30:48.002Z"}
{"level":"info","message":"AI Opt_Security_1 (security) 添加同级AI: c76037e8-dd82-4abb-8425-b4022902c0af","timestamp":"2026-02-02T07:30:48.002Z"}
{"level":"info","message":"AI Core_Backend_1 (backend) 添加同级AI: 16213780-718e-4d1a-88e3-13dbc044f795","timestamp":"2026-02-02T07:30:48.002Z"}
{"level":"info","message":"AI Opt_Frontend_1 (frontend) 添加同级AI: c76037e8-dd82-4abb-8425-b4022902c0af","timestamp":"2026-02-02T07:30:48.002Z"}
{"level":"info","message":"AI Core_Backend_1 (backend) 添加同级AI: beed10c2-99e2-4290-afd5-095664a7e86d","timestamp":"2026-02-02T07:30:48.002Z"}
{"level":"info","message":"AI Opt_Backend_1 (backend) 添加同级AI: c76037e8-dd82-4abb-8425-b4022902c0af","timestamp":"2026-02-02T07:30:48.002Z"}
{"level":"info","message":"AI Core_Backend_1 (backend) 添加同级AI: b50ee670-1967-4c4a-94de-a3930f065edd","timestamp":"2026-02-02T07:30:48.002Z"}
{"level":"info","message":"AI Opt_Logging_1 (logging) 添加同级AI: c76037e8-dd82-4abb-8425-b4022902c0af","timestamp":"2026-02-02T07:30:48.002Z"}
{"level":"info","message":"AI Core_Backend_1 (backend) 添加同级AI: dc4de166-7091-4ad3-954d-1997bf274996","timestamp":"2026-02-02T07:30:48.002Z"}
{"level":"info","message":"AI Opt_Database_1 (database) 添加同级AI: c76037e8-dd82-4abb-8425-b4022902c0af","timestamp":"2026-02-02T07:30:48.002Z"}
{"level":"info","message":"AI Core_Backend_1 (backend) 添加同级AI: 9cda68b9-d7eb-48e5-bbb3-004d9d43181e","timestamp":"2026-02-02T07:30:48.002Z"}
{"level":"info","message":"AI Opt_LayoutColor_1 (layout_color) 添加同级AI: c76037e8-dd82-4abb-8425-b4022902c0af","timestamp":"2026-02-02T07:30:48.002Z"}
{"level":"info","message":"AI Core_Backend_1 (backend) 添加同级AI: 395dd181-4241-4448-a20a-4c80c1e74e97","timestamp":"2026-02-02T07:30:48.002Z"}
{"level":"info","message":"AI Opt_FeatureExpansion_1 (feature_expansion) 添加同级AI: c76037e8-dd82-4abb-8425-b4022902c0af","timestamp":"2026-02-02T07:30:48.002Z"}
{"level":"info","message":"AI Core_Backend_1 (backend) 添加同级AI: 5330a693-e6c4-4e5c-af07-f3a43172d9d4","timestamp":"2026-02-02T07:30:48.002Z"}
{"level":"info","message":"AI Mon_Performance_1 (performance) 添加同级AI: c76037e8-dd82-4abb-8425-b4022902c0af","timestamp":"2026-02-02T07:30:48.002Z"}
{"level":"info","message":"AI Core_Backend_1 (backend) 添加同级AI: 3fd06e7d-362e-4735-baff-16e0b603bc7e","timestamp":"2026-02-02T07:30:48.002Z"}
{"level":"info","message":"AI Mon_Security_1 (security) 添加同级AI: c76037e8-dd82-4abb-8425-b4022902c0af","timestamp":"2026-02-02T07:30:48.002Z"}
{"level":"info","message":"AI Core_Backend_1 (backend) 添加同级AI: e3c7a4f6-eeba-4bd6-bc2a-1f19d978ab8e","timestamp":"2026-02-02T07:30:48.002Z"}
{"level":"info","message":"AI Mon_ClientException_1 (client_exception) 添加同级AI: c76037e8-dd82-4abb-8425-b4022902c0af","timestamp":"2026-02-02T07:30:48.002Z"}
{"level":"info","message":"AI Core_Backend_1 (backend) 添加同级AI: aa1afd3b-3ace-43d0-8c4d-b9c9ce450127","timestamp":"2026-02-02T07:30:48.002Z"}
{"level":"info","message":"AI Mon_Frontend_1 (frontend) 添加同级AI: c76037e8-dd82-4abb-8425-b4022902c0af","timestamp":"2026-02-02T07:30:48.002Z"}
{"level":"info","message":"AI Core_Backend_1 (backend) 添加同级AI: 5d170c9b-eb03-4b38-b18c-63097c03baf6","timestamp":"2026-02-02T07:30:48.002Z"}
{"level":"info","message":"AI Mon_Backend_1 (backend) 添加同级AI: c76037e8-dd82-4abb-8425-b4022902c0af","timestamp":"2026-02-02T07:30:48.002Z"}
{"level":"info","message":"AI Core_Backend_1 (backend) 添加同级AI: d12d578b-8ddf-4a92-91cc-986a634fb39a","timestamp":"2026-02-02T07:30:48.002Z"}
{"level":"info","message":"AI Mon_Logging_1 (logging) 添加同级AI: c76037e8-dd82-4abb-8425-b4022902c0af","timestamp":"2026-02-02T07:30:48.002Z"}
{"level":"info","message":"AI Core_Backend_1 (backend) 添加同级AI: 7e35b1fb-a082-4639-a793-8a570fd44e3d","timestamp":"2026-02-02T07:30:48.002Z"}
{"level":"info","message":"AI Mon_Database_1 (database) 添加同级AI: c76037e8-dd82-4abb-8425-b4022902c0af","timestamp":"2026-02-02T07:30:48.002Z"}
{"level":"info","message":"AI Core_Backend_1 (backend) 添加同级AI: b0985467-109d-4f42-9183-e95662e822cc","timestamp":"2026-02-02T07:30:48.002Z"}
{"level":"info","message":"AI Mon_LayoutColor_1 (layout_color) 添加同级AI: c76037e8-dd82-4abb-8425-b4022902c0af","timestamp":"2026-02-02T07:30:48.002Z"}
{"level":"info","message":"AI Core_Backend_1 (backend) 添加同级AI: 5c37ffbc-8666-4e6a-a96c-c3d7a23133b7","timestamp":"2026-02-02T07:30:48.002Z"}
{"level":"info","message":"AI Report_1 (management) 添加同级AI: c76037e8-dd82-4abb-8425-b4022902c0af","timestamp":"2026-02-02T07:30:48.002Z"}
{"level":"info","message":"AI Core_Fullstack_1 (fullstack) 添加同级AI: 679c4383-31b6-41f0-9893-f34e95c3dfc9","timestamp":"2026-02-02T07:30:48.002Z"}
{"level":"info","message":"AI Core_Logging_1 (logging) 添加同级AI: 856b5d5e-4006-41ae-8159-183e5452b142","timestamp":"2026-02-02T07:30:48.002Z"}
{"level":"info","message":"AI Core_Fullstack_1 (fullstack) 添加同级AI: 8e85b9a5-0c85-4b69-acee-42d61fa1a341","timestamp":"2026-02-02T07:30:48.002Z"}
{"level":"info","message":"AI Core_Database_1 (database) 添加同级AI: 856b5d5e-4006-41ae-8159-183e5452b142","timestamp":"2026-02-02T07:30:48.002Z"}
{"level":"info","message":"AI Core_Fullstack_1 (fullstack) 添加同级AI: c2715803-016b-41a8-99a2-1ff8c7ac2a71","timestamp":"2026-02-02T07:30:48.002Z"}
{"level":"info","message":"AI Core_LayoutColor_1 (layout_color) 添加同级AI: 856b5d5e-4006-41ae-8159-183e5452b142","timestamp":"2026-02-02T07:30:48.002Z"}
{"level":"info","message":"AI Core_Fullstack_1 (fullstack) 添加同级AI: 57a6fbb4-597f-44cb-ad9f-d61e1486e153","timestamp":"2026-02-02T07:30:48.002Z"}
{"level":"info","message":"AI Core_FeatureExpansion_1 (feature_expansion) 添加同级AI: 856b5d5e-4006-41ae-8159-183e5452b142","timestamp":"2026-02-02T07:30:48.002Z"}
{"level":"info","message":"AI Core_Fullstack_1 (fullstack) 添加同级AI: ecea915b-9a74-43a4-bd81-c5968b00f8ae","timestamp":"2026-02-02T07:30:48.002Z"}
{"level":"info","message":"AI Opt_Functional_1 (functional) 添加同级AI: 856b5d5e-4006-41ae-8159-183e5452b142","timestamp":"2026-02-02T07:30:48.002Z"}
{"level":"info","message":"AI Core_Fullstack_1 (fullstack) 添加同级AI: 086acaf0-5768-41f2-ac29-96fe7e8f5e12","timestamp":"2026-02-02T07:30:48.002Z"}
{"level":"info","message":"AI Opt_Performance_1 (performance) 添加同级AI: 856b5d5e-4006-41ae-8159-183e5452b142","timestamp":"2026-02-02T07:30:48.002Z"}
{"level":"info","message":"AI Core_Fullstack_1 (fullstack) 添加同级AI: a9bc33bf-245b-4f31-90f5-db1eecf24b84","timestamp":"2026-02-02T07:30:48.002Z"}
{"level":"info","message":"AI Opt_Security_1 (security) 添加同级AI: 856b5d5e-4006-41ae-8159-183e5452b142","timestamp":"2026-02-02T07:30:48.002Z"}
{"level":"info","message":"AI Core_Fullstack_1 (fullstack) 添加同级AI: 16213780-718e-4d1a-88e3-13dbc044f795","timestamp":"2026-02-02T07:30:48.002Z"}
{"level":"info","message":"AI Opt_Frontend_1 (frontend) 添加同级AI: 856b5d5e-4006-41ae-8159-183e5452b142","timestamp":"2026-02-02T07:30:48.002Z"}
{"level":"info","message":"AI Core_Fullstack_1 (fullstack) 添加同级AI: beed10c2-99e2-4290-afd5-095664a7e86d","timestamp":"2026-02-02T07:30:48.002Z"}
{"level":"info","message":"AI Opt_Backend_1 (backend) 添加同级AI: 856b5d5e-4006-41ae-8159-183e5452b142","timestamp":"2026-02-02T07:30:48.002Z"}
{"level":"info","message":"AI Core_Fullstack_1 (fullstack) 添加同级AI: b50ee670-1967-4c4a-94de-a3930f065edd","timestamp":"2026-02-02T07:30:48.002Z"}
{"level":"info","message":"AI Opt_Logging_1 (logging) 添加同级AI: 856b5d5e-4006-41ae-8159-183e5452b142","timestamp":"2026-02-02T07:30:48.002Z"}
{"level":"info","message":"AI Core_Fullstack_1 (fullstack) 添加同级AI: dc4de166-7091-4ad3-954d-1997bf274996","timestamp":"2026-02-02T07:30:48.002Z"}
{"level":"info","message":"AI Opt_Database_1 (database) 添加同级AI: 856b5d5e-4006-41ae-8159-183e5452b142","timestamp":"2026-02-02T07:30:48.002Z"}
{"level":"info","message":"AI Core_Fullstack_1 (fullstack) 添加同级AI: 9cda68b9-d7eb-48e5-bbb3-004d9d43181e","timestamp":"2026-02-02T07:30:48.002Z"}
{"level":"info","message":"AI Opt_LayoutColor_1 (layout_color) 添加同级AI: 856b5d5e-4006-41ae-8159-183e5452b142","timestamp":"2026-02-02T07:30:48.002Z"}
{"level":"info","message":"AI Core_Fullstack_1 (fullstack) 添加同级AI: 395dd181-4241-4448-a20a-4c80c1e74e97","timestamp":"2026-02-02T07:30:48.002Z"}
{"level":"info","message":"AI Opt_FeatureExpansion_1 (feature_expansion) 添加同级AI: 856b5d5e-4006-41ae-8159-183e5452b142","timestamp":"2026-02-02T07:30:48.002Z"}
{"level":"info","message":"AI Core_Fullstack_1 (fullstack) 添加同级AI: 5330a693-e6c4-4e5c-af07-f3a43172d9d4","timestamp":"2026-02-02T07:30:48.002Z"}
{"level":"info","message":"AI Mon_Performance_1 (performance) 添加同级AI: 856b5d5e-4006-41ae-8159-183e5452b142","timestamp":"2026-02-02T07:30:48.002Z"}
{"level":"info","message":"AI Core_Fullstack_1 (fullstack) 添加同级AI: 3fd06e7d-362e-4735-baff-16e0b603bc7e","timestamp":"2026-02-02T07:30:48.002Z"}
{"level":"info","message":"AI Mon_Security_1 (security) 添加同级AI: 856b5d5e-4006-41ae-8159-183e5452b142","timestamp":"2026-02-02T07:30:48.002Z"}
{"level":"info","message":"AI Core_Fullstack_1 (fullstack) 添加同级AI: e3c7a4f6-eeba-4bd6-bc2a-1f19d978ab8e","timestamp":"2026-02-02T07:30:48.002Z"}
{"level":"info","message":"AI Mon_ClientException_1 (client_exception) 添加同级AI: 856b5d5e-4006-41ae-8159-183e5452b142","timestamp":"2026-02-02T07:30:48.002Z"}
{"level":"info","message":"AI Core_Fullstack_1 (fullstack) 添加同级AI: aa1afd3b-3ace-43d0-8c4d-b9c9ce450127","timestamp":"2026-02-02T07:30:48.002Z"}
{"level":"info","message":"AI Mon_Frontend_1 (frontend) 添加同级AI: 856b5d5e-4006-41ae-8159-183e5452b142","timestamp":"2026-02-02T07:30:48.003Z"}
{"level":"info","message":"AI Core_Fullstack_1 (fullstack) 添加同级AI: 5d170c9b-eb03-4b38-b18c-63097c03baf6","timestamp":"2026-02-02T07:30:48.003Z"}
{"level":"info","message":"AI Mon_Backend_1 (backend) 添加同级AI: 856b5d5e-4006-41ae-8159-183e5452b142","timestamp":"2026-02-02T07:30:48.003Z"}
{"level":"info","message":"AI Core_Fullstack_1 (fullstack) 添加同级AI: d12d578b-8ddf-4a92-91cc-986a634fb39a","timestamp":"2026-02-02T07:30:48.003Z"}
{"level":"info","message":"AI Mon_Logging_1 (logging) 添加同级AI: 856b5d5e-4006-41ae-8159-183e5452b142","timestamp":"2026-02-02T07:30:48.003Z"}
{"level":"info","message":"AI Core_Fullstack_1 (fullstack) 添加同级AI: 7e35b1fb-a082-4639-a793-8a570fd44e3d","timestamp":"2026-02-02T07:30:48.003Z"}
{"level":"info","message":"AI Mon_Database_1 (database) 添加同级AI: 856b5d5e-4006-41ae-8159-183e5452b142","timestamp":"2026-02-02T07:30:48.003Z"}
{"level":"info","message":"AI Core_Fullstack_1 (fullstack) 添加同级AI: b0985467-109d-4f42-9183-e95662e822cc","timestamp":"2026-02-02T07:30:48.003Z"}
{"level":"info","message":"AI Mon_LayoutColor_1 (layout_color) 添加同级AI: 856b5d5e-4006-41ae-8159-183e5452b142","timestamp":"2026-02-02T07:30:48.003Z"}
{"level":"info","message":"AI Core_Fullstack_1 (fullstack) 添加同级AI: 5c37ffbc-8666-4e6a-a96c-c3d7a23133b7","timestamp":"2026-02-02T07:30:48.003Z"}
{"level":"info","message":"AI Report_1 (management) 添加同级AI: 856b5d5e-4006-41ae-8159-183e5452b142","timestamp":"2026-02-02T07:30:48.003Z"}
{"level":"info","message":"AI Core_Logging_1 (logging) 添加同级AI: 8e85b9a5-0c85-4b69-acee-42d61fa1a341","timestamp":"2026-02-02T07:30:48.003Z"}
{"level":"info","message":"AI Core_Database_1 (database) 添加同级AI: 679c4383-31b6-41f0-9893-f34e95c3dfc9","timestamp":"2026-02-02T07:30:48.003Z"}
{"level":"info","message":"AI Core_Logging_1 (logging) 添加同级AI: c2715803-016b-41a8-99a2-1ff8c7ac2a71","timestamp":"2026-02-02T07:30:48.003Z"}
{"level":"info","message":"AI Core_LayoutColor_1 (layout_color) 添加同级AI: 679c4383-31b6-41f0-9893-f34e95c3dfc9","timestamp":"2026-02-02T07:30:48.003Z"}
{"level":"info","message":"AI Core_Logging_1 (logging) 添加同级AI: 57a6fbb4-597f-44cb-ad9f-d61e1486e153","timestamp":"2026-02-02T07:30:48.003Z"}
{"level":"info","message":"AI Core_FeatureExpansion_1 (feature_expansion) 添加同级AI: 679c4383-31b6-41f0-9893-f34e95c3dfc9","timestamp":"2026-02-02T07:30:48.003Z"}
{"level":"info","message":"AI Core_Logging_1 (logging) 添加同级AI: ecea915b-9a74-43a4-bd81-c5968b00f8ae","timestamp":"2026-02-02T07:30:48.003Z"}
{"level":"info","message":"AI Opt_Functional_1 (functional) 添加同级AI: 679c4383-31b6-41f0-9893-f34e95c3dfc9","timestamp":"2026-02-02T07:30:48.003Z"}
{"level":"info","message":"AI Core_Logging_1 (logging) 添加同级AI: 086acaf0-5768-41f2-ac29-96fe7e8f5e12","timestamp":"2026-02-02T07:30:48.003Z"}
{"level":"info","message":"AI Opt_Performance_1 (performance) 添加同级AI: 679c4383-31b6-41f0-9893-f34e95c3dfc9","timestamp":"2026-02-02T07:30:48.003Z"}
{"level":"info","message":"AI Core_Logging_1 (logging) 添加同级AI: a9bc33bf-245b-4f31-90f5-db1eecf24b84","timestamp":"2026-02-02T07:30:48.003Z"}
{"level":"info","message":"AI Opt_Security_1 (security) 添加同级AI: 679c4383-31b6-41f0-9893-f34e95c3dfc9","timestamp":"2026-02-02T07:30:48.003Z"}
{"level":"info","message":"AI Core_Logging_1 (logging) 添加同级AI: 16213780-718e-4d1a-88e3-13dbc044f795","timestamp":"2026-02-02T07:30:48.003Z"}
{"level":"info","message":"AI Opt_Frontend_1 (frontend) 添加同级AI: 679c4383-31b6-41f0-9893-f34e95c3dfc9","timestamp":"2026-02-02T07:30:48.003Z"}
{"level":"info","message":"AI Core_Logging_1 (logging) 添加同级AI: beed10c2-99e2-4290-afd5-095664a7e86d","timestamp":"2026-02-02T07:30:48.003Z"}
{"level":"info","message":"AI Opt_Backend_1 (backend) 添加同级AI: 679c4383-31b6-41f0-9893-f34e95c3dfc9","timestamp":"2026-02-02T07:30:48.003Z"}
{"level":"info","message":"AI Core_Logging_1 (logging) 添加同级AI: b50ee670-1967-4c4a-94de-a3930f065edd","timestamp":"2026-02-02T07:30:48.003Z"}
{"level":"info","message":"AI Opt_Logging_1 (logging) 添加同级AI: 679c4383-31b6-41f0-9893-f34e95c3dfc9","timestamp":"2026-02-02T07:30:48.003Z"}
{"level":"info","message":"AI Core_Logging_1 (logging) 添加同级AI: dc4de166-7091-4ad3-954d-1997bf274996","timestamp":"2026-02-02T07:30:48.003Z"}
{"level":"info","message":"AI Opt_Database_1 (database) 添加同级AI: 679c4383-31b6-41f0-9893-f34e95c3dfc9","timestamp":"2026-02-02T07:30:48.003Z"}
{"level":"info","message":"AI Core_Logging_1 (logging) 添加同级AI: 9cda68b9-d7eb-48e5-bbb3-004d9d43181e","timestamp":"2026-02-02T07:30:48.003Z"}
{"level":"info","message":"AI Opt_LayoutColor_1 (layout_color) 添加同级AI: 679c4383-31b6-41f0-9893-f34e95c3dfc9","timestamp":"2026-02-02T07:30:48.003Z"}
{"level":"info","message":"AI Core_Logging_1 (logging) 添加同级AI: 395dd181-4241-4448-a20a-4c80c1e74e97","timestamp":"2026-02-02T07:30:48.003Z"}
{"level":"info","message":"AI Opt_FeatureExpansion_1 (feature_expansion) 添加同级AI: 679c4383-31b6-41f0-9893-f34e95c3dfc9","timestamp":"2026-02-02T07:30:48.003Z"}
{"level":"info","message":"AI Core_Logging_1 (logging) 添加同级AI: 5330a693-e6c4-4e5c-af07-f3a43172d9d4","timestamp":"2026-02-02T07:30:48.003Z"}
{"level":"info","message":"AI Mon_Performance_1 (performance) 添加同级AI: 679c4383-31b6-41f0-9893-f34e95c3dfc9","timestamp":"2026-02-02T07:30:48.003Z"}
{"level":"info","message":"AI Core_Logging_1 (logging) 添加同级AI: 3fd06e7d-362e-4735-baff-16e0b603bc7e","timestamp":"2026-02-02T07:30:48.003Z"}
{"level":"info","message":"AI Mon_Security_1 (security) 添加同级AI: 679c4383-31b6-41f0-9893-f34e95c3dfc9","timestamp":"2026-02-02T07:30:48.003Z"}
{"level":"info","message":"AI Core_Logging_1 (logging) 添加同级AI: e3c7a4f6-eeba-4bd6-bc2a-1f19d978ab8e","timestamp":"2026-02-02T07:30:48.003Z"}
{"level":"info","message":"AI Mon_ClientException_1 (client_exception) 添加同级AI: 679c4383-31b6-41f0-9893-f34e95c3dfc9","timestamp":"2026-02-02T07:30:48.003Z"}
{"level":"info","message":"AI Core_Logging_1 (logging) 添加同级AI: aa1afd3b-3ace-43d0-8c4d-b9c9ce450127","timestamp":"2026-02-02T07:30:48.003Z"}
{"level":"info","message":"AI Mon_Frontend_1 (frontend) 添加同级AI: 679c4383-31b6-41f0-9893-f34e95c3dfc9","timestamp":"2026-02-02T07:30:48.003Z"}
{"level":"info","message":"AI Core_Logging_1 (logging) 添加同级AI: 5d170c9b-eb03-4b38-b18c-63097c03baf6","timestamp":"2026-02-02T07:30:48.003Z"}
{"level":"info","message":"AI Mon_Backend_1 (backend) 添加同级AI: 679c4383-31b6-41f0-9893-f34e95c3dfc9","timestamp":"2026-02-02T07:30:48.003Z"}
{"level":"info","message":"AI Core_Logging_1 (logging) 添加同级AI: d12d578b-8ddf-4a92-91cc-986a634fb39a","timestamp":"2026-02-02T07:30:48.003Z"}
{"level":"info","message":"AI Mon_Logging_1 (logging) 添加同级AI: 679c4383-31b6-41f0-9893-f34e95c3dfc9","timestamp":"2026-02-02T07:30:48.003Z"}
{"level":"info","message":"AI Core_Logging_1 (logging) 添加同级AI: 7e35b1fb-a082-4639-a793-8a570fd44e3d","timestamp":"2026-02-02T07:30:48.003Z"}
{"level":"info","message":"AI Mon_Database_1 (database) 添加同级AI: 679c4383-31b6-41f0-9893-f34e95c3dfc9","timestamp":"2026-02-02T07:30:48.003Z"}
{"level":"info","message":"AI Core_Logging_1 (logging) 添加同级AI: b0985467-109d-4f42-9183-e95662e822cc","timestamp":"2026-02-02T07:30:48.003Z"}
{"level":"info","message":"AI Mon_LayoutColor_1 (layout_color) 添加同级AI: 679c4383-31b6-41f0-9893-f34e95c3dfc9","timestamp":"2026-02-02T07:30:48.003Z"}
{"level":"info","message":"AI Core_Logging_1 (logging) 添加同级AI: 5c37ffbc-8666-4e6a-a96c-c3d7a23133b7","timestamp":"2026-02-02T07:30:48.003Z"}
{"level":"info","message":"AI Report_1 (management) 添加同级AI: 679c4383-31b6-41f0-9893-f34e95c3dfc9","timestamp":"2026-02-02T07:30:48.003Z"}
{"level":"info","message":"AI Core_Database_1 (database) 添加同级AI: c2715803-016b-41a8-99a2-1ff8c7ac2a71","timestamp":"2026-02-02T07:30:48.003Z"}
{"level":"info","message":"AI Core_LayoutColor_1 (layout_color) 添加同级AI: 8e85b9a5-0c85-4b69-acee-42d61fa1a341","timestamp":"2026-02-02T07:30:48.003Z"}
{"level":"info","message":"AI Core_Database_1 (database) 添加同级AI: 57a6fbb4-597f-44cb-ad9f-d61e1486e153","timestamp":"2026-02-02T07:30:48.003Z"}
{"level":"info","message":"AI Core_FeatureExpansion_1 (feature_expansion) 添加同级AI: 8e85b9a5-0c85-4b69-acee-42d61fa1a341","timestamp":"2026-02-02T07:30:48.003Z"}
{"level":"info","message":"AI Core_Database_1 (database) 添加同级AI: ecea915b-9a74-43a4-bd81-c5968b00f8ae","timestamp":"2026-02-02T07:30:48.003Z"}
{"level":"info","message":"AI Opt_Functional_1 (functional) 添加同级AI: 8e85b9a5-0c85-4b69-acee-42d61fa1a341","timestamp":"2026-02-02T07:30:48.003Z"}
{"level":"info","message":"AI Core_Database_1 (database) 添加同级AI: 086acaf0-5768-41f2-ac29-96fe7e8f5e12","timestamp":"2026-02-02T07:30:48.003Z"}
{"level":"info","message":"AI Opt_Performance_1 (performance) 添加同级AI: 8e85b9a5-0c85-4b69-acee-42d61fa1a341","timestamp":"2026-02-02T07:30:48.003Z"}
{"level":"info","message":"AI Core_Database_1 (database) 添加同级AI: a9bc33bf-245b-4f31-90f5-db1eecf24b84","timestamp":"2026-02-02T07:30:48.003Z"}
{"level":"info","message":"AI Opt_Security_1 (security) 添加同级AI: 8e85b9a5-0c85-4b69-acee-42d61fa1a341","timestamp":"2026-02-02T07:30:48.003Z"}
{"level":"info","message":"AI Core_Database_1 (database) 添加同级AI: 16213780-718e-4d1a-88e3-13dbc044f795","timestamp":"2026-02-02T07:30:48.003Z"}
{"level":"info","message":"AI Opt_Frontend_1 (frontend) 添加同级AI: 8e85b9a5-0c85-4b69-acee-42d61fa1a341","timestamp":"2026-02-02T07:30:48.003Z"}
{"level":"info","message":"AI Core_Database_1 (database) 添加同级AI: beed10c2-99e2-4290-afd5-095664a7e86d","timestamp":"2026-02-02T07:30:48.003Z"}
{"level":"info","message":"AI Opt_Backend_1 (backend) 添加同级AI: 8e85b9a5-0c85-4b69-acee-42d61fa1a341","timestamp":"2026-02-02T07:30:48.003Z"}
{"level":"info","message":"AI Core_Database_1 (database) 添加同级AI: b50ee670-1967-4c4a-94de-a3930f065edd","timestamp":"2026-02-02T07:30:48.003Z"}
{"level":"info","message":"AI Opt_Logging_1 (logging) 添加同级AI: 8e85b9a5-0c85-4b69-acee-42d61fa1a341","timestamp":"2026-02-02T07:30:48.003Z"}
{"level":"info","message":"AI Core_Database_1 (database) 添加同级AI: dc4de166-7091-4ad3-954d-1997bf274996","timestamp":"2026-02-02T07:30:48.003Z"}
{"level":"info","message":"AI Opt_Database_1 (database) 添加同级AI: 8e85b9a5-0c85-4b69-acee-42d61fa1a341","timestamp":"2026-02-02T07:30:48.003Z"}
{"level":"info","message":"AI Core_Database_1 (database) 添加同级AI: 9cda68b9-d7eb-48e5-bbb3-004d9d43181e","timestamp":"2026-02-02T07:30:48.003Z"}
{"level":"info","message":"AI Opt_LayoutColor_1 (layout_color) 添加同级AI: 8e85b9a5-0c85-4b69-acee-42d61fa1a341","timestamp":"2026-02-02T07:30:48.003Z"}
{"level":"info","message":"AI Core_Database_1 (database) 添加同级AI: 395dd181-4241-4448-a20a-4c80c1e74e97","timestamp":"2026-02-02T07:30:48.003Z"}
{"level":"info","message":"AI Opt_FeatureExpansion_1 (feature_expansion) 添加同级AI: 8e85b9a5-0c85-4b69-acee-42d61fa1a341","timestamp":"2026-02-02T07:30:48.003Z"}
{"level":"info","message":"AI Core_Database_1 (database) 添加同级AI: 5330a693-e6c4-4e5c-af07-f3a43172d9d4","timestamp":"2026-02-02T07:30:48.003Z"}
{"level":"info","message":"AI Mon_Performance_1 (performance) 添加同级AI: 8e85b9a5-0c85-4b69-acee-42d61fa1a341","timestamp":"2026-02-02T07:30:48.003Z"}
{"level":"info","message":"AI Core_Database_1 (database) 添加同级AI: 3fd06e7d-362e-4735-baff-16e0b603bc7e","timestamp":"2026-02-02T07:30:48.003Z"}
{"level":"info","message":"AI Mon_Security_1 (security) 添加同级AI: 8e85b9a5-0c85-4b69-acee-42d61fa1a341","timestamp":"2026-02-02T07:30:48.003Z"}
{"level":"info","message":"AI Core_Database_1 (database) 添加同级AI: e3c7a4f6-eeba-4bd6-bc2a-1f19d978ab8e","timestamp":"2026-02-02T07:30:48.003Z"}
{"level":"info","message":"AI Mon_ClientException_1 (client_exception) 添加同级AI: 8e85b9a5-0c85-4b69-acee-42d61fa1a341","timestamp":"2026-02-02T07:30:48.003Z"}
{"level":"info","message":"AI Core_Database_1 (database) 添加同级AI: aa1afd3b-3ace-43d0-8c4d-b9c9ce450127","timestamp":"2026-02-02T07:30:48.003Z"}
{"level":"info","message":"AI Mon_Frontend_1 (frontend) 添加同级AI: 8e85b9a5-0c85-4b69-acee-42d61fa1a341","timestamp":"2026-02-02T07:30:48.003Z"}
{"level":"info","message":"AI Core_Database_1 (database) 添加同级AI: 5d170c9b-eb03-4b38-b18c-63097c03baf6","timestamp":"2026-02-02T07:30:48.003Z"}
{"level":"info","message":"AI Mon_Backend_1 (backend) 添加同级AI: 8e85b9a5-0c85-4b69-acee-42d61fa1a341","timestamp":"2026-02-02T07:30:48.003Z"}
{"level":"info","message":"AI Core_Database_1 (database) 添加同级AI: d12d578b-8ddf-4a92-91cc-986a634fb39a","timestamp":"2026-02-02T07:30:48.003Z"}
{"level":"info","message":"AI Mon_Logging_1 (logging) 添加同级AI: 8e85b9a5-0c85-4b69-acee-42d61fa1a341","timestamp":"2026-02-02T07:30:48.003Z"}
{"level":"info","message":"AI Core_Database_1 (database) 添加同级AI: 7e35b1fb-a082-4639-a793-8a570fd44e3d","timestamp":"2026-02-02T07:30:48.003Z"}
{"level":"info","message":"AI Mon_Database_1 (database) 添加同级AI: 8e85b9a5-0c85-4b69-acee-42d61fa1a341","timestamp":"2026-02-02T07:30:48.003Z"}
{"level":"info","message":"AI Core_Database_1 (database) 添加同级AI: b0985467-109d-4f42-9183-e95662e822cc","timestamp":"2026-02-02T07:30:48.003Z"}
{"level":"info","message":"AI Mon_LayoutColor_1 (layout_color) 添加同级AI: 8e85b9a5-0c85-4b69-acee-42d61fa1a341","timestamp":"2026-02-02T07:30:48.003Z"}
{"level":"info","message":"AI Core_Database_1 (database) 添加同级AI: 5c37ffbc-8666-4e6a-a96c-c3d7a23133b7","timestamp":"2026-02-02T07:30:48.003Z"}
{"level":"info","message":"AI Report_1 (management) 添加同级AI: 8e85b9a5-0c85-4b69-acee-42d61fa1a341","timestamp":"2026-02-02T07:30:48.003Z"}
{"level":"info","message":"AI Core_LayoutColor_1 (layout_color) 添加同级AI: 57a6fbb4-597f-44cb-ad9f-d61e1486e153","timestamp":"2026-02-02T07:30:48.004Z"}
{"level":"info","message":"AI Core_FeatureExpansion_1 (feature_expansion) 添加同级AI: c2715803-016b-41a8-99a2-1ff8c7ac2a71","timestamp":"2026-02-02T07:30:48.004Z"}
{"level":"info","message":"AI Core_LayoutColor_1 (layout_color) 添加同级AI: ecea915b-9a74-43a4-bd81-c5968b00f8ae","timestamp":"2026-02-02T07:30:48.004Z"}
{"level":"info","message":"AI Opt_Functional_1 (functional) 添加同级AI: c2715803-016b-41a8-99a2-1ff8c7ac2a71","timestamp":"2026-02-02T07:30:48.004Z"}
{"level":"info","message":"AI Core_LayoutColor_1 (layout_color) 添加同级AI: 086acaf0-5768-41f2-ac29-96fe7e8f5e12","timestamp":"2026-02-02T07:30:48.004Z"}
{"level":"info","message":"AI Opt_Performance_1 (performance) 添加同级AI: c2715803-016b-41a8-99a2-1ff8c7ac2a71","timestamp":"2026-02-02T07:30:48.004Z"}
{"level":"info","message":"AI Core_LayoutColor_1 (layout_color) 添加同级AI: a9bc33bf-245b-4f31-90f5-db1eecf24b84","timestamp":"2026-02-02T07:30:48.004Z"}
{"level":"info","message":"AI Opt_Security_1 (security) 添加同级AI: c2715803-016b-41a8-99a2-1ff8c7ac2a71","timestamp":"2026-02-02T07:30:48.004Z"}
{"level":"info","message":"AI Core_LayoutColor_1 (layout_color) 添加同级AI: 16213780-718e-4d1a-88e3-13dbc044f795","timestamp":"2026-02-02T07:30:48.004Z"}
{"level":"info","message":"AI Opt_Frontend_1 (frontend) 添加同级AI: c2715803-016b-41a8-99a2-1ff8c7ac2a71","timestamp":"2026-02-02T07:30:48.004Z"}
{"level":"info","message":"AI Core_LayoutColor_1 (layout_color) 添加同级AI: beed10c2-99e2-4290-afd5-095664a7e86d","timestamp":"2026-02-02T07:30:48.004Z"}
{"level":"info","message":"AI Opt_Backend_1 (backend) 添加同级AI: c2715803-016b-41a8-99a2-1ff8c7ac2a71","timestamp":"2026-02-02T07:30:48.004Z"}
{"level":"info","message":"AI Core_LayoutColor_1 (layout_color) 添加同级AI: b50ee670-1967-4c4a-94de-a3930f065edd","timestamp":"2026-02-02T07:30:48.004Z"}
{"level":"info","message":"AI Opt_Logging_1 (logging) 添加同级AI: c2715803-016b-41a8-99a2-1ff8c7ac2a71","timestamp":"2026-02-02T07:30:48.004Z"}
{"level":"info","message":"AI Core_LayoutColor_1 (layout_color) 添加同级AI: dc4de166-7091-4ad3-954d-1997bf274996","timestamp":"2026-02-02T07:30:48.004Z"}
{"level":"info","message":"AI Opt_Database_1 (database) 添加同级AI: c2715803-016b-41a8-99a2-1ff8c7ac2a71","timestamp":"2026-02-02T07:30:48.004Z"}
{"level":"info","message":"AI Core_LayoutColor_1 (layout_color) 添加同级AI: 9cda68b9-d7eb-48e5-bbb3-004d9d43181e","timestamp":"2026-02-02T07:30:48.004Z"}
{"level":"info","message":"AI Opt_LayoutColor_1 (layout_color) 添加同级AI: c2715803-016b-41a8-99a2-1ff8c7ac2a71","timestamp":"2026-02-02T07:30:48.004Z"}
{"level":"info","message":"AI Core_LayoutColor_1 (layout_color) 添加同级AI: 395dd181-4241-4448-a20a-4c80c1e74e97","timestamp":"2026-02-02T07:30:48.004Z"}
{"level":"info","message":"AI Opt_FeatureExpansion_1 (feature_expansion) 添加同级AI: c2715803-016b-41a8-99a2-1ff8c7ac2a71","timestamp":"2026-02-02T07:30:48.004Z"}
{"level":"info","message":"AI Core_LayoutColor_1 (layout_color) 添加同级AI: 5330a693-e6c4-4e5c-af07-f3a43172d9d4","timestamp":"2026-02-02T07:30:48.004Z"}
{"level":"info","message":"AI Mon_Performance_1 (performance) 添加同级AI: c2715803-016b-41a8-99a2-1ff8c7ac2a71","timestamp":"2026-02-02T07:30:48.004Z"}
{"level":"info","message":"AI Core_LayoutColor_1 (layout_color) 添加同级AI: 3fd06e7d-362e-4735-baff-16e0b603bc7e","timestamp":"2026-02-02T07:30:48.004Z"}
{"level":"info","message":"AI Mon_Security_1 (security) 添加同级AI: c2715803-016b-41a8-99a2-1ff8c7ac2a71","timestamp":"2026-02-02T07:30:48.004Z"}
{"level":"info","message":"AI Core_LayoutColor_1 (layout_color) 添加同级AI: e3c7a4f6-eeba-4bd6-bc2a-1f19d978ab8e","timestamp":"2026-02-02T07:30:48.004Z"}
{"level":"info","message":"AI Mon_ClientException_1 (client_exception) 添加同级AI: c2715803-016b-41a8-99a2-1ff8c7ac2a71","timestamp":"2026-02-02T07:30:48.004Z"}
{"level":"info","message":"AI Core_LayoutColor_1 (layout_color) 添加同级AI: aa1afd3b-3ace-43d0-8c4d-b9c9ce450127","timestamp":"2026-02-02T07:30:48.004Z"}
{"level":"info","message":"AI Mon_Frontend_1 (frontend) 添加同级AI: c2715803-016b-41a8-99a2-1ff8c7ac2a71","timestamp":"2026-02-02T07:30:48.004Z"}
{"level":"info","message":"AI Core_LayoutColor_1 (layout_color) 添加同级AI: 5d170c9b-eb03-4b38-b18c-63097c03baf6","timestamp":"2026-02-02T07:30:48.004Z"}
{"level":"info","message":"AI Mon_Backend_1 (backend) 添加同级AI: c2715803-016b-41a8-99a2-1ff8c7ac2a71","timestamp":"2026-02-02T07:30:48.004Z"}
{"level":"info","message":"AI Core_LayoutColor_1 (layout_color) 添加同级AI: d12d578b-8ddf-4a92-91cc-986a634fb39a","timestamp":"2026-02-02T07:30:48.004Z"}
{"level":"info","message":"AI Mon_Logging_1 (logging) 添加同级AI: c2715803-016b-41a8-99a2-1ff8c7ac2a71","timestamp":"2026-02-02T07:30:48.004Z"}
{"level":"info","message":"AI Core_LayoutColor_1 (layout_color) 添加同级AI: 7e35b1fb-a082-4639-a793-8a570fd44e3d","timestamp":"2026-02-02T07:30:48.004Z"}
{"level":"info","message":"AI Mon_Database_1 (database) 添加同级AI: c2715803-016b-41a8-99a2-1ff8c7ac2a71","timestamp":"2026-02-02T07:30:48.004Z"}
{"level":"info","message":"AI Core_LayoutColor_1 (layout_color) 添加同级AI: b0985467-109d-4f42-9183-e95662e822cc","timestamp":"2026-02-02T07:30:48.004Z"}
{"level":"info","message":"AI Mon_LayoutColor_1 (layout_color) 添加同级AI: c2715803-016b-41a8-99a2-1ff8c7ac2a71","timestamp":"2026-02-02T07:30:48.004Z"}
{"level":"info","message":"AI Core_LayoutColor_1 (layout_color) 添加同级AI: 5c37ffbc-8666-4e6a-a96c-c3d7a23133b7","timestamp":"2026-02-02T07:30:48.004Z"}
{"level":"info","message":"AI Report_1 (management) 添加同级AI: c2715803-016b-41a8-99a2-1ff8c7ac2a71","timestamp":"2026-02-02T07:30:48.004Z"}
{"level":"info","message":"AI Core_FeatureExpansion_1 (feature_expansion) 添加同级AI: ecea915b-9a74-43a4-bd81-c5968b00f8ae","timestamp":"2026-02-02T07:30:48.004Z"}
{"level":"info","message":"AI Opt_Functional_1 (functional) 添加同级AI: 57a6fbb4-597f-44cb-ad9f-d61e1486e153","timestamp":"2026-02-02T07:30:48.004Z"}
{"level":"info","message":"AI Core_FeatureExpansion_1 (feature_expansion) 添加同级AI: 086acaf0-5768-41f2-ac29-96fe7e8f5e12","timestamp":"2026-02-02T07:30:48.004Z"}
{"level":"info","message":"AI Opt_Performance_1 (performance) 添加同级AI: 57a6fbb4-597f-44cb-ad9f-d61e1486e153","timestamp":"2026-02-02T07:30:48.004Z"}
{"level":"info","message":"AI Core_FeatureExpansion_1 (feature_expansion) 添加同级AI: a9bc33bf-245b-4f31-90f5-db1eecf24b84","timestamp":"2026-02-02T07:30:48.004Z"}
{"level":"info","message":"AI Opt_Security_1 (security) 添加同级AI: 57a6fbb4-597f-44cb-ad9f-d61e1486e153","timestamp":"2026-02-02T07:30:48.004Z"}
{"level":"info","message":"AI Core_FeatureExpansion_1 (feature_expansion) 添加同级AI: 16213780-718e-4d1a-88e3-13dbc044f795","timestamp":"2026-02-02T07:30:48.004Z"}
{"level":"info","message":"AI Opt_Frontend_1 (frontend) 添加同级AI: 57a6fbb4-597f-44cb-ad9f-d61e1486e153","timestamp":"2026-02-02T07:30:48.004Z"}
{"level":"info","message":"AI Core_FeatureExpansion_1 (feature_expansion) 添加同级AI: beed10c2-99e2-4290-afd5-095664a7e86d","timestamp":"2026-02-02T07:30:48.004Z"}
{"level":"info","message":"AI Opt_Backend_1 (backend) 添加同级AI: 57a6fbb4-597f-44cb-ad9f-d61e1486e153","timestamp":"2026-02-02T07:30:48.004Z"}
{"level":"info","message":"AI Core_FeatureExpansion_1 (feature_expansion) 添加同级AI: b50ee670-1967-4c4a-94de-a3930f065edd","timestamp":"2026-02-02T07:30:48.004Z"}
{"level":"info","message":"AI Opt_Logging_1 (logging) 添加同级AI: 57a6fbb4-597f-44cb-ad9f-d61e1486e153","timestamp":"2026-02-02T07:30:48.004Z"}
{"level":"info","message":"AI Core_FeatureExpansion_1 (feature_expansion) 添加同级AI: dc4de166-7091-4ad3-954d-1997bf274996","timestamp":"2026-02-02T07:30:48.004Z"}
{"level":"info","message":"AI Opt_Database_1 (database) 添加同级AI: 57a6fbb4-597f-44cb-ad9f-d61e1486e153","timestamp":"2026-02-02T07:30:48.004Z"}
{"level":"info","message":"AI Core_FeatureExpansion_1 (feature_expansion) 添加同级AI: 9cda68b9-d7eb-48e5-bbb3-004d9d43181e","timestamp":"2026-02-02T07:30:48.004Z"}
{"level":"info","message":"AI Opt_LayoutColor_1 (layout_color) 添加同级AI: 57a6fbb4-597f-44cb-ad9f-d61e1486e153","timestamp":"2026-02-02T07:30:48.004Z"}
{"level":"info","message":"AI Core_FeatureExpansion_1 (feature_expansion) 添加同级AI: 395dd181-4241-4448-a20a-4c80c1e74e97","timestamp":"2026-02-02T07:30:48.004Z"}
{"level":"info","message":"AI Opt_FeatureExpansion_1 (feature_expansion) 添加同级AI: 57a6fbb4-597f-44cb-ad9f-d61e1486e153","timestamp":"2026-02-02T07:30:48.004Z"}
{"level":"info","message":"AI Core_FeatureExpansion_1 (feature_expansion) 添加同级AI: 5330a693-e6c4-4e5c-af07-f3a43172d9d4","timestamp":"2026-02-02T07:30:48.004Z"}
{"level":"info","message":"AI Mon_Performance_1 (performance) 添加同级AI: 57a6fbb4-597f-44cb-ad9f-d61e1486e153","timestamp":"2026-02-02T07:30:48.004Z"}
{"level":"info","message":"AI Core_FeatureExpansion_1 (feature_expansion) 添加同级AI: 3fd06e7d-362e-4735-baff-16e0b603bc7e","timestamp":"2026-02-02T07:30:48.004Z"}
{"level":"info","message":"AI Mon_Security_1 (security) 添加同级AI: 57a6fbb4-597f-44cb-ad9f-d61e1486e153","timestamp":"2026-02-02T07:30:48.004Z"}
{"level":"info","message":"AI Core_FeatureExpansion_1 (feature_expansion) 添加同级AI: e3c7a4f6-eeba-4bd6-bc2a-1f19d978ab8e","timestamp":"2026-02-02T07:30:48.004Z"}
{"level":"info","message":"AI Mon_ClientException_1 (client_exception) 添加同级AI: 57a6fbb4-597f-44cb-ad9f-d61e1486e153","timestamp":"2026-02-02T07:30:48.004Z"}
{"level":"info","message":"AI Core_FeatureExpansion_1 (feature_expansion) 添加同级AI: aa1afd3b-3ace-43d0-8c4d-b9c9ce450127","timestamp":"2026-02-02T07:30:48.004Z"}
{"level":"info","message":"AI Mon_Frontend_1 (frontend) 添加同级AI: 57a6fbb4-597f-44cb-ad9f-d61e1486e153","timestamp":"2026-02-02T07:30:48.004Z"}
{"level":"info","message":"AI Core_FeatureExpansion_1 (feature_expansion) 添加同级AI: 5d170c9b-eb03-4b38-b18c-63097c03baf6","timestamp":"2026-02-02T07:30:48.004Z"}
{"level":"info","message":"AI Mon_Backend_1 (backend) 添加同级AI: 57a6fbb4-597f-44cb-ad9f-d61e1486e153","timestamp":"2026-02-02T07:30:48.004Z"}
{"level":"info","message":"AI Core_FeatureExpansion_1 (feature_expansion) 添加同级AI: d12d578b-8ddf-4a92-91cc-986a634fb39a","timestamp":"2026-02-02T07:30:48.004Z"}
{"level":"info","message":"AI Mon_Logging_1 (logging) 添加同级AI: 57a6fbb4-597f-44cb-ad9f-d61e1486e153","timestamp":"2026-02-02T07:30:48.004Z"}
{"level":"info","message":"AI Core_FeatureExpansion_1 (feature_expansion) 添加同级AI: 7e35b1fb-a082-4639-a793-8a570fd44e3d","timestamp":"2026-02-02T07:30:48.004Z"}
{"level":"info","message":"AI Mon_Database_1 (database) 添加同级AI: 57a6fbb4-597f-44cb-ad9f-d61e1486e153","timestamp":"2026-02-02T07:30:48.004Z"}
{"level":"info","message":"AI Core_FeatureExpansion_1 (feature_expansion) 添加同级AI: b0985467-109d-4f42-9183-e95662e822cc","timestamp":"2026-02-02T07:30:48.004Z"}
{"level":"info","message":"AI Mon_LayoutColor_1 (layout_color) 添加同级AI: 57a6fbb4-597f-44cb-ad9f-d61e1486e153","timestamp":"2026-02-02T07:30:48.004Z"}
{"level":"info","message":"AI Core_FeatureExpansion_1 (feature_expansion) 添加同级AI: 5c37ffbc-8666-4e6a-a96c-c3d7a23133b7","timestamp":"2026-02-02T07:30:48.004Z"}
{"level":"info","message":"AI Report_1 (management) 添加同级AI: 57a6fbb4-597f-44cb-ad9f-d61e1486e153","timestamp":"2026-02-02T07:30:48.004Z"}
{"level":"info","message":"AI Opt_Functional_1 (functional) 添加同级AI: 086acaf0-5768-41f2-ac29-96fe7e8f5e12","timestamp":"2026-02-02T07:30:48.004Z"}
{"level":"info","message":"AI Opt_Performance_1 (performance) 添加同级AI: ecea915b-9a74-43a4-bd81-c5968b00f8ae","timestamp":"2026-02-02T07:30:48.004Z"}
{"level":"info","message":"AI Opt_Functional_1 (functional) 添加同级AI: a9bc33bf-245b-4f31-90f5-db1eecf24b84","timestamp":"2026-02-02T07:30:48.004Z"}
{"level":"info","message":"AI Opt_Security_1 (security) 添加同级AI: ecea915b-9a74-43a4-bd81-c5968b00f8ae","timestamp":"2026-02-02T07:30:48.004Z"}
{"level":"info","message":"AI Opt_Functional_1 (functional) 添加同级AI: 16213780-718e-4d1a-88e3-13dbc044f795","timestamp":"2026-02-02T07:30:48.004Z"}
{"level":"info","message":"AI Opt_Frontend_1 (frontend) 添加同级AI: ecea915b-9a74-43a4-bd81-c5968b00f8ae","timestamp":"2026-02-02T07:30:48.004Z"}
{"level":"info","message":"AI Opt_Functional_1 (functional) 添加同级AI: beed10c2-99e2-4290-afd5-095664a7e86d","timestamp":"2026-02-02T07:30:48.004Z"}
{"level":"info","message":"AI Opt_Backend_1 (backend) 添加同级AI: ecea915b-9a74-43a4-bd81-c5968b00f8ae","timestamp":"2026-02-02T07:30:48.004Z"}
{"level":"info","message":"AI Opt_Functional_1 (functional) 添加同级AI: b50ee670-1967-4c4a-94de-a3930f065edd","timestamp":"2026-02-02T07:30:48.004Z"}
{"level":"info","message":"AI Opt_Logging_1 (logging) 添加同级AI: ecea915b-9a74-43a4-bd81-c5968b00f8ae","timestamp":"2026-02-02T07:30:48.004Z"}
{"level":"info","message":"AI Opt_Functional_1 (functional) 添加同级AI: dc4de166-7091-4ad3-954d-1997bf274996","timestamp":"2026-02-02T07:30:48.005Z"}
{"level":"info","message":"AI Opt_Database_1 (database) 添加同级AI: ecea915b-9a74-43a4-bd81-c5968b00f8ae","timestamp":"2026-02-02T07:30:48.005Z"}
{"level":"info","message":"AI Opt_Functional_1 (functional) 添加同级AI: 9cda68b9-d7eb-48e5-bbb3-004d9d43181e","timestamp":"2026-02-02T07:30:48.005Z"}
{"level":"info","message":"AI Opt_LayoutColor_1 (layout_color) 添加同级AI: ecea915b-9a74-43a4-bd81-c5968b00f8ae","timestamp":"2026-02-02T07:30:48.005Z"}
{"level":"info","message":"AI Opt_Functional_1 (functional) 添加同级AI: 395dd181-4241-4448-a20a-4c80c1e74e97","timestamp":"2026-02-02T07:30:48.005Z"}
{"level":"info","message":"AI Opt_FeatureExpansion_1 (feature_expansion) 添加同级AI: ecea915b-9a74-43a4-bd81-c5968b00f8ae","timestamp":"2026-02-02T07:30:48.005Z"}
{"level":"info","message":"AI Opt_Functional_1 (functional) 添加同级AI: 5330a693-e6c4-4e5c-af07-f3a43172d9d4","timestamp":"2026-02-02T07:30:48.005Z"}
{"level":"info","message":"AI Mon_Performance_1 (performance) 添加同级AI: ecea915b-9a74-43a4-bd81-c5968b00f8ae","timestamp":"2026-02-02T07:30:48.005Z"}
{"level":"info","message":"AI Opt_Functional_1 (functional) 添加同级AI: 3fd06e7d-362e-4735-baff-16e0b603bc7e","timestamp":"2026-02-02T07:30:48.005Z"}
{"level":"info","message":"AI Mon_Security_1 (security) 添加同级AI: ecea915b-9a74-43a4-bd81-c5968b00f8ae","timestamp":"2026-02-02T07:30:48.005Z"}
{"level":"info","message":"AI Opt_Functional_1 (functional) 添加同级AI: e3c7a4f6-eeba-4bd6-bc2a-1f19d978ab8e","timestamp":"2026-02-02T07:30:48.005Z"}
{"level":"info","message":"AI Mon_ClientException_1 (client_exception) 添加同级AI: ecea915b-9a74-43a4-bd81-c5968b00f8ae","timestamp":"2026-02-02T07:30:48.005Z"}
{"level":"info","message":"AI Opt_Functional_1 (functional) 添加同级AI: aa1afd3b-3ace-43d0-8c4d-b9c9ce450127","timestamp":"2026-02-02T07:30:48.005Z"}
{"level":"info","message":"AI Mon_Frontend_1 (frontend) 添加同级AI: ecea915b-9a74-43a4-bd81-c5968b00f8ae","timestamp":"2026-02-02T07:30:48.005Z"}
{"level":"info","message":"AI Opt_Functional_1 (functional) 添加同级AI: 5d170c9b-eb03-4b38-b18c-63097c03baf6","timestamp":"2026-02-02T07:30:48.005Z"}
{"level":"info","message":"AI Mon_Backend_1 (backend) 添加同级AI: ecea915b-9a74-43a4-bd81-c5968b00f8ae","timestamp":"2026-02-02T07:30:48.005Z"}
{"level":"info","message":"AI Opt_Functional_1 (functional) 添加同级AI: d12d578b-8ddf-4a92-91cc-986a634fb39a","timestamp":"2026-02-02T07:30:48.005Z"}
{"level":"info","message":"AI Mon_Logging_1 (logging) 添加同级AI: ecea915b-9a74-43a4-bd81-c5968b00f8ae","timestamp":"2026-02-02T07:30:48.005Z"}
{"level":"info","message":"AI Opt_Functional_1 (functional) 添加同级AI: 7e35b1fb-a082-4639-a793-8a570fd44e3d","timestamp":"2026-02-02T07:30:48.005Z"}
{"level":"info","message":"AI Mon_Database_1 (database) 添加同级AI: ecea915b-9a74-43a4-bd81-c5968b00f8ae","timestamp":"2026-02-02T07:30:48.005Z"}
{"level":"info","message":"AI Opt_Functional_1 (functional) 添加同级AI: b0985467-109d-4f42-9183-e95662e822cc","timestamp":"2026-02-02T07:30:48.005Z"}
{"level":"info","message":"AI Mon_LayoutColor_1 (layout_color) 添加同级AI: ecea915b-9a74-43a4-bd81-c5968b00f8ae","timestamp":"2026-02-02T07:30:48.005Z"}
{"level":"info","message":"AI Opt_Functional_1 (functional) 添加同级AI: 5c37ffbc-8666-4e6a-a96c-c3d7a23133b7","timestamp":"2026-02-02T07:30:48.005Z"}
{"level":"info","message":"AI Report_1 (management) 添加同级AI: ecea915b-9a74-43a4-bd81-c5968b00f8ae","timestamp":"2026-02-02T07:30:48.005Z"}
{"level":"info","message":"AI Opt_Performance_1 (performance) 添加同级AI: a9bc33bf-245b-4f31-90f5-db1eecf24b84","timestamp":"2026-02-02T07:30:48.005Z"}
{"level":"info","message":"AI Opt_Security_1 (security) 添加同级AI: 086acaf0-5768-41f2-ac29-96fe7e8f5e12","timestamp":"2026-02-02T07:30:48.007Z"}
{"level":"info","message":"AI Opt_Performance_1 (performance) 添加同级AI: 16213780-718e-4d1a-88e3-13dbc044f795","timestamp":"2026-02-02T07:30:48.007Z"}
{"level":"info","message":"AI Opt_Frontend_1 (frontend) 添加同级AI: 086acaf0-5768-41f2-ac29-96fe7e8f5e12","timestamp":"2026-02-02T07:30:48.007Z"}
{"level":"info","message":"AI Opt_Performance_1 (performance) 添加同级AI: beed10c2-99e2-4290-afd5-095664a7e86d","timestamp":"2026-02-02T07:30:48.007Z"}
{"level":"info","message":"AI Opt_Backend_1 (backend) 添加同级AI: 086acaf0-5768-41f2-ac29-96fe7e8f5e12","timestamp":"2026-02-02T07:30:48.007Z"}
{"level":"info","message":"AI Opt_Performance_1 (performance) 添加同级AI: b50ee670-1967-4c4a-94de-a3930f065edd","timestamp":"2026-02-02T07:30:48.007Z"}
{"level":"info","message":"AI Opt_Logging_1 (logging) 添加同级AI: 086acaf0-5768-41f2-ac29-96fe7e8f5e12","timestamp":"2026-02-02T07:30:48.007Z"}
{"level":"info","message":"AI Opt_Performance_1 (performance) 添加同级AI: dc4de166-7091-4ad3-954d-1997bf274996","timestamp":"2026-02-02T07:30:48.007Z"}
{"level":"info","message":"AI Opt_Database_1 (database) 添加同级AI: 086acaf0-5768-41f2-ac29-96fe7e8f5e12","timestamp":"2026-02-02T07:30:48.007Z"}
{"level":"info","message":"AI Opt_Performance_1 (performance) 添加同级AI: 9cda68b9-d7eb-48e5-bbb3-004d9d43181e","timestamp":"2026-02-02T07:30:48.007Z"}
{"level":"info","message":"AI Opt_LayoutColor_1 (layout_color) 添加同级AI: 086acaf0-5768-41f2-ac29-96fe7e8f5e12","timestamp":"2026-02-02T07:30:48.008Z"}
{"level":"info","message":"AI Opt_Performance_1 (performance) 添加同级AI: 395dd181-4241-4448-a20a-4c80c1e74e97","timestamp":"2026-02-02T07:30:48.008Z"}
{"level":"info","message":"AI Opt_FeatureExpansion_1 (feature_expansion) 添加同级AI: 086acaf0-5768-41f2-ac29-96fe7e8f5e12","timestamp":"2026-02-02T07:30:48.008Z"}
{"level":"info","message":"AI Opt_Performance_1 (performance) 添加同级AI: 5330a693-e6c4-4e5c-af07-f3a43172d9d4","timestamp":"2026-02-02T07:30:48.008Z"}
{"level":"info","message":"AI Mon_Performance_1 (performance) 添加同级AI: 086acaf0-5768-41f2-ac29-96fe7e8f5e12","timestamp":"2026-02-02T07:30:48.008Z"}
{"level":"info","message":"AI Opt_Performance_1 (performance) 添加同级AI: 3fd06e7d-362e-4735-baff-16e0b603bc7e","timestamp":"2026-02-02T07:30:48.008Z"}
{"level":"info","message":"AI Mon_Security_1 (security) 添加同级AI: 086acaf0-5768-41f2-ac29-96fe7e8f5e12","timestamp":"2026-02-02T07:30:48.008Z"}
{"level":"info","message":"AI Opt_Performance_1 (performance) 添加同级AI: e3c7a4f6-eeba-4bd6-bc2a-1f19d978ab8e","timestamp":"2026-02-02T07:30:48.008Z"}
{"level":"info","message":"AI Mon_ClientException_1 (client_exception) 添加同级AI: 086acaf0-5768-41f2-ac29-96fe7e8f5e12","timestamp":"2026-02-02T07:30:48.008Z"}
{"level":"info","message":"AI Opt_Performance_1 (performance) 添加同级AI: aa1afd3b-3ace-43d0-8c4d-b9c9ce450127","timestamp":"2026-02-02T07:30:48.008Z"}
{"level":"info","message":"AI Mon_Frontend_1 (frontend) 添加同级AI: 086acaf0-5768-41f2-ac29-96fe7e8f5e12","timestamp":"2026-02-02T07:30:48.008Z"}
{"level":"info","message":"AI Opt_Performance_1 (performance) 添加同级AI: 5d170c9b-eb03-4b38-b18c-63097c03baf6","timestamp":"2026-02-02T07:30:48.008Z"}
{"level":"info","message":"AI Mon_Backend_1 (backend) 添加同级AI: 086acaf0-5768-41f2-ac29-96fe7e8f5e12","timestamp":"2026-02-02T07:30:48.008Z"}
{"level":"info","message":"AI Opt_Performance_1 (performance) 添加同级AI: d12d578b-8ddf-4a92-91cc-986a634fb39a","timestamp":"2026-02-02T07:30:48.008Z"}
{"level":"info","message":"AI Mon_Logging_1 (logging) 添加同级AI: 086acaf0-5768-41f2-ac29-96fe7e8f5e12","timestamp":"2026-02-02T07:30:48.008Z"}
{"level":"info","message":"AI Opt_Performance_1 (performance) 添加同级AI: 7e35b1fb-a082-4639-a793-8a570fd44e3d","timestamp":"2026-02-02T07:30:48.008Z"}
{"level":"info","message":"AI Mon_Database_1 (database) 添加同级AI: 086acaf0-5768-41f2-ac29-96fe7e8f5e12","timestamp":"2026-02-02T07:30:48.008Z"}
{"level":"info","message":"AI Opt_Performance_1 (performance) 添加同级AI: b0985467-109d-4f42-9183-e95662e822cc","timestamp":"2026-02-02T07:30:48.008Z"}
{"level":"info","message":"AI Mon_LayoutColor_1 (layout_color) 添加同级AI: 086acaf0-5768-41f2-ac29-96fe7e8f5e12","timestamp":"2026-02-02T07:30:48.008Z"}
{"level":"info","message":"AI Opt_Performance_1 (performance) 添加同级AI: 5c37ffbc-8666-4e6a-a96c-c3d7a23133b7","timestamp":"2026-02-02T07:30:48.008Z"}
{"level":"info","message":"AI Report_1 (management) 添加同级AI: 086acaf0-5768-41f2-ac29-96fe7e8f5e12","timestamp":"2026-02-02T07:30:48.008Z"}
{"level":"info","message":"AI Opt_Security_1 (security) 添加同级AI: 16213780-718e-4d1a-88e3-13dbc044f795","timestamp":"2026-02-02T07:30:48.008Z"}
{"level":"info","message":"AI Opt_Frontend_1 (frontend) 添加同级AI: a9bc33bf-245b-4f31-90f5-db1eecf24b84","timestamp":"2026-02-02T07:30:48.008Z"}
{"level":"info","message":"AI Opt_Security_1 (security) 添加同级AI: beed10c2-99e2-4290-afd5-095664a7e86d","timestamp":"2026-02-02T07:30:48.008Z"}
{"level":"info","message":"AI Opt_Backend_1 (backend) 添加同级AI: a9bc33bf-245b-4f31-90f5-db1eecf24b84","timestamp":"2026-02-02T07:30:48.008Z"}
{"level":"info","message":"AI Opt_Security_1 (security) 添加同级AI: b50ee670-1967-4c4a-94de-a3930f065edd","timestamp":"2026-02-02T07:30:48.008Z"}
{"level":"info","message":"AI Opt_Logging_1 (logging) 添加同级AI: a9bc33bf-245b-4f31-90f5-db1eecf24b84","timestamp":"2026-02-02T07:30:48.010Z"}
{"level":"info","message":"AI Opt_Security_1 (security) 添加同级AI: dc4de166-7091-4ad3-954d-1997bf274996","timestamp":"2026-02-02T07:30:48.010Z"}
{"level":"info","message":"AI Opt_Database_1 (database) 添加同级AI: a9bc33bf-245b-4f31-90f5-db1eecf24b84","timestamp":"2026-02-02T07:30:48.010Z"}
{"level":"info","message":"AI Opt_Security_1 (security) 添加同级AI: 9cda68b9-d7eb-48e5-bbb3-004d9d43181e","timestamp":"2026-02-02T07:30:48.010Z"}
{"level":"info","message":"AI Opt_LayoutColor_1 (layout_color) 添加同级AI: a9bc33bf-245b-4f31-90f5-db1eecf24b84","timestamp":"2026-02-02T07:30:48.010Z"}
{"level":"info","message":"AI Opt_Security_1 (security) 添加同级AI: 395dd181-4241-4448-a20a-4c80c1e74e97","timestamp":"2026-02-02T07:30:48.010Z"}
{"level":"info","message":"AI Opt_FeatureExpansion_1 (feature_expansion) 添加同级AI: a9bc33bf-245b-4f31-90f5-db1eecf24b84","timestamp":"2026-02-02T07:30:48.010Z"}
{"level":"info","message":"AI Opt_Security_1 (security) 添加同级AI: 5330a693-e6c4-4e5c-af07-f3a43172d9d4","timestamp":"2026-02-02T07:30:48.010Z"}
{"level":"info","message":"AI Mon_Performance_1 (performance) 添加同级AI: a9bc33bf-245b-4f31-90f5-db1eecf24b84","timestamp":"2026-02-02T07:30:48.010Z"}
{"level":"info","message":"AI Opt_Security_1 (security) 添加同级AI: 3fd06e7d-362e-4735-baff-16e0b603bc7e","timestamp":"2026-02-02T07:30:48.010Z"}
{"level":"info","message":"AI Mon_Security_1 (security) 添加同级AI: a9bc33bf-245b-4f31-90f5-db1eecf24b84","timestamp":"2026-02-02T07:30:48.010Z"}
{"level":"info","message":"AI Opt_Security_1 (security) 添加同级AI: e3c7a4f6-eeba-4bd6-bc2a-1f19d978ab8e","timestamp":"2026-02-02T07:30:48.010Z"}
{"level":"info","message":"AI Mon_ClientException_1 (client_exception) 添加同级AI: a9bc33bf-245b-4f31-90f5-db1eecf24b84","timestamp":"2026-02-02T07:30:48.010Z"}
{"level":"info","message":"AI Opt_Security_1 (security) 添加同级AI: aa1afd3b-3ace-43d0-8c4d-b9c9ce450127","timestamp":"2026-02-02T07:30:48.010Z"}
{"level":"info","message":"AI Mon_Frontend_1 (frontend) 添加同级AI: a9bc33bf-245b-4f31-90f5-db1eecf24b84","timestamp":"2026-02-02T07:30:48.010Z"}
{"level":"info","message":"AI Opt_Security_1 (security) 添加同级AI: 5d170c9b-eb03-4b38-b18c-63097c03baf6","timestamp":"2026-02-02T07:30:48.010Z"}
{"level":"info","message":"AI Mon_Backend_1 (backend) 添加同级AI: a9bc33bf-245b-4f31-90f5-db1eecf24b84","timestamp":"2026-02-02T07:30:48.010Z"}
{"level":"info","message":"AI Opt_Security_1 (security) 添加同级AI: d12d578b-8ddf-4a92-91cc-986a634fb39a","timestamp":"2026-02-02T07:30:48.010Z"}
{"level":"info","message":"AI Mon_Logging_1 (logging) 添加同级AI: a9bc33bf-245b-4f31-90f5-db1eecf24b84","timestamp":"2026-02-02T07:30:48.010Z"}
{"level":"info","message":"AI Opt_Security_1 (security) 添加同级AI: 7e35b1fb-a082-4639-a793-8a570fd44e3d","timestamp":"2026-02-02T07:30:48.010Z"}
{"level":"info","message":"AI Mon_Database_1 (database) 添加同级AI: a9bc33bf-245b-4f31-90f5-db1eecf24b84","timestamp":"2026-02-02T07:30:48.010Z"}
{"level":"info","message":"AI Opt_Security_1 (security) 添加同级AI: b0985467-109d-4f42-9183-e95662e822cc","timestamp":"2026-02-02T07:30:48.010Z"}
{"level":"info","message":"AI Mon_LayoutColor_1 (layout_color) 添加同级AI: a9bc33bf-245b-4f31-90f5-db1eecf24b84","timestamp":"2026-02-02T07:30:48.010Z"}
{"level":"info","message":"AI Opt_Security_1 (security) 添加同级AI: 5c37ffbc-8666-4e6a-a96c-c3d7a23133b7","timestamp":"2026-02-02T07:30:48.010Z"}
{"level":"info","message":"AI Report_1 (management) 添加同级AI: a9bc33bf-245b-4f31-90f5-db1eecf24b84","timestamp":"2026-02-02T07:30:48.010Z"}
{"level":"info","message":"AI Opt_Frontend_1 (frontend) 添加同级AI: beed10c2-99e2-4290-afd5-095664a7e86d","timestamp":"2026-02-02T07:30:48.010Z"}
{"level":"info","message":"AI Opt_Backend_1 (backend) 添加同级AI: 16213780-718e-4d1a-88e3-13dbc044f795","timestamp":"2026-02-02T07:30:48.010Z"}
{"level":"info","message":"AI Opt_Frontend_1 (frontend) 添加同级AI: b50ee670-1967-4c4a-94de-a3930f065edd","timestamp":"2026-02-02T07:30:48.010Z"}
{"level":"info","message":"AI Opt_Logging_1 (logging) 添加同级AI: 16213780-718e-4d1a-88e3-13dbc044f795","timestamp":"2026-02-02T07:30:48.010Z"}
{"level":"info","message":"AI Opt_Frontend_1 (frontend) 添加同级AI: dc4de166-7091-4ad3-954d-1997bf274996","timestamp":"2026-02-02T07:30:48.010Z"}
{"level":"info","message":"AI Opt_Database_1 (database) 添加同级AI: 16213780-718e-4d1a-88e3-13dbc044f795","timestamp":"2026-02-02T07:30:48.010Z"}
{"level":"info","message":"AI Opt_Frontend_1 (frontend) 添加同级AI: 9cda68b9-d7eb-48e5-bbb3-004d9d43181e","timestamp":"2026-02-02T07:30:48.010Z"}
{"level":"info","message":"AI Opt_LayoutColor_1 (layout_color) 添加同级AI: 16213780-718e-4d1a-88e3-13dbc044f795","timestamp":"2026-02-02T07:30:48.010Z"}
{"level":"info","message":"AI Opt_Frontend_1 (frontend) 添加同级AI: 395dd181-4241-4448-a20a-4c80c1e74e97","timestamp":"2026-02-02T07:30:48.010Z"}
{"level":"info","message":"AI Opt_FeatureExpansion_1 (feature_expansion) 添加同级AI: 16213780-718e-4d1a-88e3-13dbc044f795","timestamp":"2026-02-02T07:30:48.010Z"}
{"level":"info","message":"AI Opt_Frontend_1 (frontend) 添加同级AI: 5330a693-e6c4-4e5c-af07-f3a43172d9d4","timestamp":"2026-02-02T07:30:48.010Z"}
{"level":"info","message":"AI Mon_Performance_1 (performance) 添加同级AI: 16213780-718e-4d1a-88e3-13dbc044f795","timestamp":"2026-02-02T07:30:48.010Z"}
{"level":"info","message":"AI Opt_Frontend_1 (frontend) 添加同级AI: 3fd06e7d-362e-4735-baff-16e0b603bc7e","timestamp":"2026-02-02T07:30:48.010Z"}
{"level":"info","message":"AI Mon_Security_1 (security) 添加同级AI: 16213780-718e-4d1a-88e3-13dbc044f795","timestamp":"2026-02-02T07:30:48.010Z"}
{"level":"info","message":"AI Opt_Frontend_1 (frontend) 添加同级AI: e3c7a4f6-eeba-4bd6-bc2a-1f19d978ab8e","timestamp":"2026-02-02T07:30:48.010Z"}
{"level":"info","message":"AI Mon_ClientException_1 (client_exception) 添加同级AI: 16213780-718e-4d1a-88e3-13dbc044f795","timestamp":"2026-02-02T07:30:48.010Z"}
{"level":"info","message":"AI Opt_Frontend_1 (frontend) 添加同级AI: aa1afd3b-3ace-43d0-8c4d-b9c9ce450127","timestamp":"2026-02-02T07:30:48.010Z"}
{"level":"info","message":"AI Mon_Frontend_1 (frontend) 添加同级AI: 16213780-718e-4d1a-88e3-13dbc044f795","timestamp":"2026-02-02T07:30:48.010Z"}
{"level":"info","message":"AI Opt_Frontend_1 (frontend) 添加同级AI: 5d170c9b-eb03-4b38-b18c-63097c03baf6","timestamp":"2026-02-02T07:30:48.010Z"}
{"level":"info","message":"AI Mon_Backend_1 (backend) 添加同级AI: 16213780-718e-4d1a-88e3-13dbc044f795","timestamp":"2026-02-02T07:30:48.010Z"}
{"level":"info","message":"AI Opt_Frontend_1 (frontend) 添加同级AI: d12d578b-8ddf-4a92-91cc-986a634fb39a","timestamp":"2026-02-02T07:30:48.010Z"}
{"level":"info","message":"AI Mon_Logging_1 (logging) 添加同级AI: 16213780-718e-4d1a-88e3-13dbc044f795","timestamp":"2026-02-02T07:30:48.010Z"}
{"level":"info","message":"AI Opt_Frontend_1 (frontend) 添加同级AI: 7e35b1fb-a082-4639-a793-8a570fd44e3d","timestamp":"2026-02-02T07:30:48.010Z"}
{"level":"info","message":"AI Mon_Database_1 (database) 添加同级AI: 16213780-718e-4d1a-88e3-13dbc044f795","timestamp":"2026-02-02T07:30:48.010Z"}
{"level":"info","message":"AI Opt_Frontend_1 (frontend) 添加同级AI: b0985467-109d-4f42-9183-e95662e822cc","timestamp":"2026-02-02T07:30:48.010Z"}
{"level":"info","message":"AI Mon_LayoutColor_1 (layout_color) 添加同级AI: 16213780-718e-4d1a-88e3-13dbc044f795","timestamp":"2026-02-02T07:30:48.010Z"}
{"level":"info","message":"AI Opt_Frontend_1 (frontend) 添加同级AI: 5c37ffbc-8666-4e6a-a96c-c3d7a23133b7","timestamp":"2026-02-02T07:30:48.010Z"}
{"level":"info","message":"AI Report_1 (management) 添加同级AI: 16213780-718e-4d1a-88e3-13dbc044f795","timestamp":"2026-02-02T07:30:48.010Z"}
{"level":"info","message":"AI Opt_Backend_1 (backend) 添加同级AI: b50ee670-1967-4c4a-94de-a3930f065edd","timestamp":"2026-02-02T07:30:48.010Z"}
{"level":"info","message":"AI Opt_Logging_1 (logging) 添加同级AI: beed10c2-99e2-4290-afd5-095664a7e86d","timestamp":"2026-02-02T07:30:48.010Z"}
{"level":"info","message":"AI Opt_Backend_1 (backend) 添加同级AI: dc4de166-7091-4ad3-954d-1997bf274996","timestamp":"2026-02-02T07:30:48.010Z"}
{"level":"info","message":"AI Opt_Database_1 (database) 添加同级AI: beed10c2-99e2-4290-afd5-095664a7e86d","timestamp":"2026-02-02T07:30:48.010Z"}
{"level":"info","message":"AI Opt_Backend_1 (backend) 添加同级AI: 9cda68b9-d7eb-48e5-bbb3-004d9d43181e","timestamp":"2026-02-02T07:30:48.010Z"}
{"level":"info","message":"AI Opt_LayoutColor_1 (layout_color) 添加同级AI: beed10c2-99e2-4290-afd5-095664a7e86d","timestamp":"2026-02-02T07:30:48.010Z"}
{"level":"info","message":"AI Opt_Backend_1 (backend) 添加同级AI: 395dd181-4241-4448-a20a-4c80c1e74e97","timestamp":"2026-02-02T07:30:48.010Z"}
{"level":"info","message":"AI Opt_FeatureExpansion_1 (feature_expansion) 添加同级AI: beed10c2-99e2-4290-afd5-095664a7e86d","timestamp":"2026-02-02T07:30:48.010Z"}
{"level":"info","message":"AI Opt_Backend_1 (backend) 添加同级AI: 5330a693-e6c4-4e5c-af07-f3a43172d9d4","timestamp":"2026-02-02T07:30:48.010Z"}
{"level":"info","message":"AI Mon_Performance_1 (performance) 添加同级AI: beed10c2-99e2-4290-afd5-095664a7e86d","timestamp":"2026-02-02T07:30:48.010Z"}
{"level":"info","message":"AI Opt_Backend_1 (backend) 添加同级AI: 3fd06e7d-362e-4735-baff-16e0b603bc7e","timestamp":"2026-02-02T07:30:48.010Z"}
{"level":"info","message":"AI Mon_Security_1 (security) 添加同级AI: beed10c2-99e2-4290-afd5-095664a7e86d","timestamp":"2026-02-02T07:30:48.010Z"}
{"level":"info","message":"AI Opt_Backend_1 (backend) 添加同级AI: e3c7a4f6-eeba-4bd6-bc2a-1f19d978ab8e","timestamp":"2026-02-02T07:30:48.010Z"}
{"level":"info","message":"AI Mon_ClientException_1 (client_exception) 添加同级AI: beed10c2-99e2-4290-afd5-095664a7e86d","timestamp":"2026-02-02T07:30:48.010Z"}
{"level":"info","message":"AI Opt_Backend_1 (backend) 添加同级AI: aa1afd3b-3ace-43d0-8c4d-b9c9ce450127","timestamp":"2026-02-02T07:30:48.010Z"}
{"level":"info","message":"AI Mon_Frontend_1 (frontend) 添加同级AI: beed10c2-99e2-4290-afd5-095664a7e86d","timestamp":"2026-02-02T07:30:48.010Z"}
{"level":"info","message":"AI Opt_Backend_1 (backend) 添加同级AI: 5d170c9b-eb03-4b38-b18c-63097c03baf6","timestamp":"2026-02-02T07:30:48.010Z"}
{"level":"info","message":"AI Mon_Backend_1 (backend) 添加同级AI: beed10c2-99e2-4290-afd5-095664a7e86d","timestamp":"2026-02-02T07:30:48.010Z"}
{"level":"info","message":"AI Opt_Backend_1 (backend) 添加同级AI: d12d578b-8ddf-4a92-91cc-986a634fb39a","timestamp":"2026-02-02T07:30:48.010Z"}
{"level":"info","message":"AI Mon_Logging_1 (logging) 添加同级AI: beed10c2-99e2-4290-afd5-095664a7e86d","timestamp":"2026-02-02T07:30:48.010Z"}
{"level":"info","message":"AI Opt_Backend_1 (backend) 添加同级AI: 7e35b1fb-a082-4639-a793-8a570fd44e3d","timestamp":"2026-02-02T07:30:48.010Z"}
{"level":"info","message":"AI Mon_Database_1 (database) 添加同级AI: beed10c2-99e2-4290-afd5-095664a7e86d","timestamp":"2026-02-02T07:30:48.010Z"}
{"level":"info","message":"AI Opt_Backend_1 (backend) 添加同级AI: b0985467-109d-4f42-9183-e95662e822cc","timestamp":"2026-02-02T07:30:48.010Z"}
{"level":"info","message":"AI Mon_LayoutColor_1 (layout_color) 添加同级AI: beed10c2-99e2-4290-afd5-095664a7e86d","timestamp":"2026-02-02T07:30:48.010Z"}
{"level":"info","message":"AI Opt_Backend_1 (backend) 添加同级AI: 5c37ffbc-8666-4e6a-a96c-c3d7a23133b7","timestamp":"2026-02-02T07:30:48.010Z"}
{"level":"info","message":"AI Report_1 (management) 添加同级AI: beed10c2-99e2-4290-afd5-095664a7e86d","timestamp":"2026-02-02T07:30:48.010Z"}
{"level":"info","message":"AI Opt_Logging_1 (logging) 添加同级AI: dc4de166-7091-4ad3-954d-1997bf274996","timestamp":"2026-02-02T07:30:48.010Z"}
{"level":"info","message":"AI Opt_Database_1 (database) 添加同级AI: b50ee670-1967-4c4a-94de-a3930f065edd","timestamp":"2026-02-02T07:30:48.011Z"}
{"level":"info","message":"AI Opt_Logging_1 (logging) 添加同级AI: 9cda68b9-d7eb-48e5-bbb3-004d9d43181e","timestamp":"2026-02-02T07:30:48.011Z"}
{"level":"info","message":"AI Opt_LayoutColor_1 (layout_color) 添加同级AI: b50ee670-1967-4c4a-94de-a3930f065edd","timestamp":"2026-02-02T07:30:48.011Z"}
{"level":"info","message":"AI Opt_Logging_1 (logging) 添加同级AI: 395dd181-4241-4448-a20a-4c80c1e74e97","timestamp":"2026-02-02T07:30:48.011Z"}
{"level":"info","message":"AI Opt_FeatureExpansion_1 (feature_expansion) 添加同级AI: b50ee670-1967-4c4a-94de-a3930f065edd","timestamp":"2026-02-02T07:30:48.011Z"}
{"level":"info","message":"AI Opt_Logging_1 (logging) 添加同级AI: 5330a693-e6c4-4e5c-af07-f3a43172d9d4","timestamp":"2026-02-02T07:30:48.011Z"}
{"level":"info","message":"AI Mon_Performance_1 (performance) 添加同级AI: b50ee670-1967-4c4a-94de-a3930f065edd","timestamp":"2026-02-02T07:30:48.011Z"}
{"level":"info","message":"AI Opt_Logging_1 (logging) 添加同级AI: 3fd06e7d-362e-4735-baff-16e0b603bc7e","timestamp":"2026-02-02T07:30:48.011Z"}
{"level":"info","message":"AI Mon_Security_1 (security) 添加同级AI: b50ee670-1967-4c4a-94de-a3930f065edd","timestamp":"2026-02-02T07:30:48.011Z"}
{"level":"info","message":"AI Opt_Logging_1 (logging) 添加同级AI: e3c7a4f6-eeba-4bd6-bc2a-1f19d978ab8e","timestamp":"2026-02-02T07:30:48.011Z"}
{"level":"info","message":"AI Mon_ClientException_1 (client_exception) 添加同级AI: b50ee670-1967-4c4a-94de-a3930f065edd","timestamp":"2026-02-02T07:30:48.011Z"}
{"level":"info","message":"AI Opt_Logging_1 (logging) 添加同级AI: aa1afd3b-3ace-43d0-8c4d-b9c9ce450127","timestamp":"2026-02-02T07:30:48.011Z"}
{"level":"info","message":"AI Mon_Frontend_1 (frontend) 添加同级AI: b50ee670-1967-4c4a-94de-a3930f065edd","timestamp":"2026-02-02T07:30:48.011Z"}
{"level":"info","message":"AI Opt_Logging_1 (logging) 添加同级AI: 5d170c9b-eb03-4b38-b18c-63097c03baf6","timestamp":"2026-02-02T07:30:48.011Z"}
{"level":"info","message":"AI Mon_Backend_1 (backend) 添加同级AI: b50ee670-1967-4c4a-94de-a3930f065edd","timestamp":"2026-02-02T07:30:48.011Z"}
{"level":"info","message":"AI Opt_Logging_1 (logging) 添加同级AI: d12d578b-8ddf-4a92-91cc-986a634fb39a","timestamp":"2026-02-02T07:30:48.011Z"}
{"level":"info","message":"AI Mon_Logging_1 (logging) 添加同级AI: b50ee670-1967-4c4a-94de-a3930f065edd","timestamp":"2026-02-02T07:30:48.011Z"}
{"level":"info","message":"AI Opt_Logging_1 (logging) 添加同级AI: 7e35b1fb-a082-4639-a793-8a570fd44e3d","timestamp":"2026-02-02T07:30:48.011Z"}
{"level":"info","message":"AI Mon_Database_1 (database) 添加同级AI: b50ee670-1967-4c4a-94de-a3930f065edd","timestamp":"2026-02-02T07:30:48.011Z"}
{"level":"info","message":"AI Opt_Logging_1 (logging) 添加同级AI: b0985467-109d-4f42-9183-e95662e822cc","timestamp":"2026-02-02T07:30:48.011Z"}
{"level":"info","message":"AI Mon_LayoutColor_1 (layout_color) 添加同级AI: b50ee670-1967-4c4a-94de-a3930f065edd","timestamp":"2026-02-02T07:30:48.011Z"}
{"level":"info","message":"AI Opt_Logging_1 (logging) 添加同级AI: 5c37ffbc-8666-4e6a-a96c-c3d7a23133b7","timestamp":"2026-02-02T07:30:48.011Z"}
{"level":"info","message":"AI Report_1 (management) 添加同级AI: b50ee670-1967-4c4a-94de-a3930f065edd","timestamp":"2026-02-02T07:30:48.011Z"}
{"level":"info","message":"AI Opt_Database_1 (database) 添加同级AI: 9cda68b9-d7eb-48e5-bbb3-004d9d43181e","timestamp":"2026-02-02T07:30:48.011Z"}
{"level":"info","message":"AI Opt_LayoutColor_1 (layout_color) 添加同级AI: dc4de166-7091-4ad3-954d-1997bf274996","timestamp":"2026-02-02T07:30:48.011Z"}
{"level":"info","message":"AI Opt_Database_1 (database) 添加同级AI: 395dd181-4241-4448-a20a-4c80c1e74e97","timestamp":"2026-02-02T07:30:48.011Z"}
{"level":"info","message":"AI Opt_FeatureExpansion_1 (feature_expansion) 添加同级AI: dc4de166-7091-4ad3-954d-1997bf274996","timestamp":"2026-02-02T07:30:48.011Z"}
{"level":"info","message":"AI Opt_Database_1 (database) 添加同级AI: 5330a693-e6c4-4e5c-af07-f3a43172d9d4","timestamp":"2026-02-02T07:30:48.011Z"}
{"level":"info","message":"AI Mon_Performance_1 (performance) 添加同级AI: dc4de166-7091-4ad3-954d-1997bf274996","timestamp":"2026-02-02T07:30:48.011Z"}
{"level":"info","message":"AI Opt_Database_1 (database) 添加同级AI: 3fd06e7d-362e-4735-baff-16e0b603bc7e","timestamp":"2026-02-02T07:30:48.011Z"}
{"level":"info","message":"AI Mon_Security_1 (security) 添加同级AI: dc4de166-7091-4ad3-954d-1997bf274996","timestamp":"2026-02-02T07:30:48.011Z"}
{"level":"info","message":"AI Opt_Database_1 (database) 添加同级AI: e3c7a4f6-eeba-4bd6-bc2a-1f19d978ab8e","timestamp":"2026-02-02T07:30:48.011Z"}
{"level":"info","message":"AI Mon_ClientException_1 (client_exception) 添加同级AI: dc4de166-7091-4ad3-954d-1997bf274996","timestamp":"2026-02-02T07:30:48.011Z"}
{"level":"info","message":"AI Opt_Database_1 (database) 添加同级AI: aa1afd3b-3ace-43d0-8c4d-b9c9ce450127","timestamp":"2026-02-02T07:30:48.011Z"}
{"level":"info","message":"AI Mon_Frontend_1 (frontend) 添加同级AI: dc4de166-7091-4ad3-954d-1997bf274996","timestamp":"2026-02-02T07:30:48.011Z"}
{"level":"info","message":"AI Opt_Database_1 (database) 添加同级AI: 5d170c9b-eb03-4b38-b18c-63097c03baf6","timestamp":"2026-02-02T07:30:48.011Z"}
{"level":"info","message":"AI Mon_Backend_1 (backend) 添加同级AI: dc4de166-7091-4ad3-954d-1997bf274996","timestamp":"2026-02-02T07:30:48.011Z"}
{"level":"info","message":"AI Opt_Database_1 (database) 添加同级AI: d12d578b-8ddf-4a92-91cc-986a634fb39a","timestamp":"2026-02-02T07:30:48.011Z"}
{"level":"info","message":"AI Mon_Logging_1 (logging) 添加同级AI: dc4de166-7091-4ad3-954d-1997bf274996","timestamp":"2026-02-02T07:30:48.011Z"}
{"level":"info","message":"AI Opt_Database_1 (database) 添加同级AI: 7e35b1fb-a082-4639-a793-8a570fd44e3d","timestamp":"2026-02-02T07:30:48.011Z"}
{"level":"info","message":"AI Mon_Database_1 (database) 添加同级AI: dc4de166-7091-4ad3-954d-1997bf274996","timestamp":"2026-02-02T07:30:48.011Z"}
{"level":"info","message":"AI Opt_Database_1 (database) 添加同级AI: b0985467-109d-4f42-9183-e95662e822cc","timestamp":"2026-02-02T07:30:48.011Z"}
{"level":"info","message":"AI Mon_LayoutColor_1 (layout_color) 添加同级AI: dc4de166-7091-4ad3-954d-1997bf274996","timestamp":"2026-02-02T07:30:48.011Z"}
{"level":"info","message":"AI Opt_Database_1 (database) 添加同级AI: 5c37ffbc-8666-4e6a-a96c-c3d7a23133b7","timestamp":"2026-02-02T07:30:48.011Z"}
{"level":"info","message":"AI Report_1 (management) 添加同级AI: dc4de166-7091-4ad3-954d-1997bf274996","timestamp":"2026-02-02T07:30:48.011Z"}
{"level":"info","message":"AI Opt_LayoutColor_1 (layout_color) 添加同级AI: 395dd181-4241-4448-a20a-4c80c1e74e97","timestamp":"2026-02-02T07:30:48.011Z"}
{"level":"info","message":"AI Opt_FeatureExpansion_1 (feature_expansion) 添加同级AI: 9cda68b9-d7eb-48e5-bbb3-004d9d43181e","timestamp":"2026-02-02T07:30:48.011Z"}
{"level":"info","message":"AI Opt_LayoutColor_1 (layout_color) 添加同级AI: 5330a693-e6c4-4e5c-af07-f3a43172d9d4","timestamp":"2026-02-02T07:30:48.011Z"}
{"level":"info","message":"AI Mon_Performance_1 (performance) 添加同级AI: 9cda68b9-d7eb-48e5-bbb3-004d9d43181e","timestamp":"2026-02-02T07:30:48.011Z"}
{"level":"info","message":"AI Opt_LayoutColor_1 (layout_color) 添加同级AI: 3fd06e7d-362e-4735-baff-16e0b603bc7e","timestamp":"2026-02-02T07:30:48.011Z"}
{"level":"info","message":"AI Mon_Security_1 (security) 添加同级AI: 9cda68b9-d7eb-48e5-bbb3-004d9d43181e","timestamp":"2026-02-02T07:30:48.011Z"}
{"level":"info","message":"AI Opt_LayoutColor_1 (layout_color) 添加同级AI: e3c7a4f6-eeba-4bd6-bc2a-1f19d978ab8e","timestamp":"2026-02-02T07:30:48.011Z"}
{"level":"info","message":"AI Mon_ClientException_1 (client_exception) 添加同级AI: 9cda68b9-d7eb-48e5-bbb3-004d9d43181e","timestamp":"2026-02-02T07:30:48.011Z"}
{"level":"info","message":"AI Opt_LayoutColor_1 (layout_color) 添加同级AI: aa1afd3b-3ace-43d0-8c4d-b9c9ce450127","timestamp":"2026-02-02T07:30:48.011Z"}
{"level":"info","message":"AI Mon_Frontend_1 (frontend) 添加同级AI: 9cda68b9-d7eb-48e5-bbb3-004d9d43181e","timestamp":"2026-02-02T07:30:48.011Z"}
{"level":"info","message":"AI Opt_LayoutColor_1 (layout_color) 添加同级AI: 5d170c9b-eb03-4b38-b18c-63097c03baf6","timestamp":"2026-02-02T07:30:48.011Z"}
{"level":"info","message":"AI Mon_Backend_1 (backend) 添加同级AI: 9cda68b9-d7eb-48e5-bbb3-004d9d43181e","timestamp":"2026-02-02T07:30:48.011Z"}
{"level":"info","message":"AI Opt_LayoutColor_1 (layout_color) 添加同级AI: d12d578b-8ddf-4a92-91cc-986a634fb39a","timestamp":"2026-02-02T07:30:48.011Z"}
{"level":"info","message":"AI Mon_Logging_1 (logging) 添加同级AI: 9cda68b9-d7eb-48e5-bbb3-004d9d43181e","timestamp":"2026-02-02T07:30:48.011Z"}
{"level":"info","message":"AI Opt_LayoutColor_1 (layout_color) 添加同级AI: 7e35b1fb-a082-4639-a793-8a570fd44e3d","timestamp":"2026-02-02T07:30:48.011Z"}
{"level":"info","message":"AI Mon_Database_1 (database) 添加同级AI: 9cda68b9-d7eb-48e5-bbb3-004d9d43181e","timestamp":"2026-02-02T07:30:48.011Z"}
{"level":"info","message":"AI Opt_LayoutColor_1 (layout_color) 添加同级AI: b0985467-109d-4f42-9183-e95662e822cc","timestamp":"2026-02-02T07:30:48.011Z"}
{"level":"info","message":"AI Mon_LayoutColor_1 (layout_color) 添加同级AI: 9cda68b9-d7eb-48e5-bbb3-004d9d43181e","timestamp":"2026-02-02T07:30:48.011Z"}
{"level":"info","message":"AI Opt_LayoutColor_1 (layout_color) 添加同级AI: 5c37ffbc-8666-4e6a-a96c-c3d7a23133b7","timestamp":"2026-02-02T07:30:48.011Z"}
{"level":"info","message":"AI Report_1 (management) 添加同级AI: 9cda68b9-d7eb-48e5-bbb3-004d9d43181e","timestamp":"2026-02-02T07:30:48.011Z"}
{"level":"info","message":"AI Opt_FeatureExpansion_1 (feature_expansion) 添加同级AI: 5330a693-e6c4-4e5c-af07-f3a43172d9d4","timestamp":"2026-02-02T07:30:48.012Z"}
{"level":"info","message":"AI Mon_Performance_1 (performance) 添加同级AI: 395dd181-4241-4448-a20a-4c80c1e74e97","timestamp":"2026-02-02T07:30:48.012Z"}
{"level":"info","message":"AI Opt_FeatureExpansion_1 (feature_expansion) 添加同级AI: 3fd06e7d-362e-4735-baff-16e0b603bc7e","timestamp":"2026-02-02T07:30:48.012Z"}
{"level":"info","message":"AI Mon_Security_1 (security) 添加同级AI: 395dd181-4241-4448-a20a-4c80c1e74e97","timestamp":"2026-02-02T07:30:48.012Z"}
{"level":"info","message":"AI Opt_FeatureExpansion_1 (feature_expansion) 添加同级AI: e3c7a4f6-eeba-4bd6-bc2a-1f19d978ab8e","timestamp":"2026-02-02T07:30:48.012Z"}
{"level":"info","message":"AI Mon_ClientException_1 (client_exception) 添加同级AI: 395dd181-4241-4448-a20a-4c80c1e74e97","timestamp":"2026-02-02T07:30:48.012Z"}
{"level":"info","message":"AI Opt_FeatureExpansion_1 (feature_expansion) 添加同级AI: aa1afd3b-3ace-43d0-8c4d-b9c9ce450127","timestamp":"2026-02-02T07:30:48.012Z"}
{"level":"info","message":"AI Mon_Frontend_1 (frontend) 添加同级AI: 395dd181-4241-4448-a20a-4c80c1e74e97","timestamp":"2026-02-02T07:30:48.012Z"}
{"level":"info","message":"AI Opt_FeatureExpansion_1 (feature_expansion) 添加同级AI: 5d170c9b-eb03-4b38-b18c-63097c03baf6","timestamp":"2026-02-02T07:30:48.012Z"}
{"level":"info","message":"AI Mon_Backend_1 (backend) 添加同级AI: 395dd181-4241-4448-a20a-4c80c1e74e97","timestamp":"2026-02-02T07:30:48.012Z"}
{"level":"info","message":"AI Opt_FeatureExpansion_1 (feature_expansion) 添加同级AI: d12d578b-8ddf-4a92-91cc-986a634fb39a","timestamp":"2026-02-02T07:30:48.012Z"}
{"level":"info","message":"AI Mon_Logging_1 (logging) 添加同级AI: 395dd181-4241-4448-a20a-4c80c1e74e97","timestamp":"2026-02-02T07:30:48.012Z"}
{"level":"info","message":"AI Opt_FeatureExpansion_1 (feature_expansion) 添加同级AI: 7e35b1fb-a082-4639-a793-8a570fd44e3d","timestamp":"2026-02-02T07:30:48.012Z"}
{"level":"info","message":"AI Mon_Database_1 (database) 添加同级AI: 395dd181-4241-4448-a20a-4c80c1e74e97","timestamp":"2026-02-02T07:30:48.012Z"}
{"level":"info","message":"AI Opt_FeatureExpansion_1 (feature_expansion) 添加同级AI: b0985467-109d-4f42-9183-e95662e822cc","timestamp":"2026-02-02T07:30:48.012Z"}
{"level":"info","message":"AI Mon_LayoutColor_1 (layout_color) 添加同级AI: 395dd181-4241-4448-a20a-4c80c1e74e97","timestamp":"2026-02-02T07:30:48.012Z"}
{"level":"info","message":"AI Opt_FeatureExpansion_1 (feature_expansion) 添加同级AI: 5c37ffbc-8666-4e6a-a96c-c3d7a23133b7","timestamp":"2026-02-02T07:30:48.012Z"}
{"level":"info","message":"AI Report_1 (management) 添加同级AI: 395dd181-4241-4448-a20a-4c80c1e74e97","timestamp":"2026-02-02T07:30:48.012Z"}
{"level":"info","message":"AI Mon_Performance_1 (performance) 添加同级AI: 3fd06e7d-362e-4735-baff-16e0b603bc7e","timestamp":"2026-02-02T07:30:48.012Z"}
{"level":"info","message":"AI Mon_Security_1 (security) 添加同级AI: 5330a693-e6c4-4e5c-af07-f3a43172d9d4","timestamp":"2026-02-02T07:30:48.012Z"}
{"level":"info","message":"AI Mon_Performance_1 (performance) 添加同级AI: e3c7a4f6-eeba-4bd6-bc2a-1f19d978ab8e","timestamp":"2026-02-02T07:30:48.012Z"}
{"level":"info","message":"AI Mon_ClientException_1 (client_exception) 添加同级AI: 5330a693-e6c4-4e5c-af07-f3a43172d9d4","timestamp":"2026-02-02T07:30:48.012Z"}
{"level":"info","message":"AI Mon_Performance_1 (performance) 添加同级AI: aa1afd3b-3ace-43d0-8c4d-b9c9ce450127","timestamp":"2026-02-02T07:30:48.012Z"}
{"level":"info","message":"AI Mon_Frontend_1 (frontend) 添加同级AI: 5330a693-e6c4-4e5c-af07-f3a43172d9d4","timestamp":"2026-02-02T07:30:48.012Z"}
{"level":"info","message":"AI Mon_Performance_1 (performance) 添加同级AI: 5d170c9b-eb03-4b38-b18c-63097c03baf6","timestamp":"2026-02-02T07:30:48.012Z"}
{"level":"info","message":"AI Mon_Backend_1 (backend) 添加同级AI: 5330a693-e6c4-4e5c-af07-f3a43172d9d4","timestamp":"2026-02-02T07:30:48.012Z"}
{"level":"info","message":"AI Mon_Performance_1 (performance) 添加同级AI: d12d578b-8ddf-4a92-91cc-986a634fb39a","timestamp":"2026-02-02T07:30:48.012Z"}
{"level":"info","message":"AI Mon_Logging_1 (logging) 添加同级AI: 5330a693-e6c4-4e5c-af07-f3a43172d9d4","timestamp":"2026-02-02T07:30:48.012Z"}
{"level":"info","message":"AI Mon_Performance_1 (performance) 添加同级AI: 7e35b1fb-a082-4639-a793-8a570fd44e3d","timestamp":"2026-02-02T07:30:48.012Z"}
{"level":"info","message":"AI Mon_Database_1 (database) 添加同级AI: 5330a693-e6c4-4e5c-af07-f3a43172d9d4","timestamp":"2026-02-02T07:30:48.012Z"}
{"level":"info","message":"AI Mon_Performance_1 (performance) 添加同级AI: b0985467-109d-4f42-9183-e95662e822cc","timestamp":"2026-02-02T07:30:48.012Z"}
{"level":"info","message":"AI Mon_LayoutColor_1 (layout_color) 添加同级AI: 5330a693-e6c4-4e5c-af07-f3a43172d9d4","timestamp":"2026-02-02T07:30:48.012Z"}
{"level":"info","message":"AI Mon_Performance_1 (performance) 添加同级AI: 5c37ffbc-8666-4e6a-a96c-c3d7a23133b7","timestamp":"2026-02-02T07:30:48.012Z"}
{"level":"info","message":"AI Report_1 (management) 添加同级AI: 5330a693-e6c4-4e5c-af07-f3a43172d9d4","timestamp":"2026-02-02T07:30:48.012Z"}
{"level":"info","message":"AI Mon_Security_1 (security) 添加同级AI: e3c7a4f6-eeba-4bd6-bc2a-1f19d978ab8e","timestamp":"2026-02-02T07:30:48.012Z"}
{"level":"info","message":"AI Mon_ClientException_1 (client_exception) 添加同级AI: 3fd06e7d-362e-4735-baff-16e0b603bc7e","timestamp":"2026-02-02T07:30:48.012Z"}
{"level":"info","message":"AI Mon_Security_1 (security) 添加同级AI: aa1afd3b-3ace-43d0-8c4d-b9c9ce450127","timestamp":"2026-02-02T07:30:48.012Z"}
{"level":"info","message":"AI Mon_Frontend_1 (frontend) 添加同级AI: 3fd06e7d-362e-4735-baff-16e0b603bc7e","timestamp":"2026-02-02T07:30:48.012Z"}
{"level":"info","message":"AI Mon_Security_1 (security) 添加同级AI: 5d170c9b-eb03-4b38-b18c-63097c03baf6","timestamp":"2026-02-02T07:30:48.012Z"}
{"level":"info","message":"AI Mon_Backend_1 (backend) 添加同级AI: 3fd06e7d-362e-4735-baff-16e0b603bc7e","timestamp":"2026-02-02T07:30:48.012Z"}
{"level":"info","message":"AI Mon_Security_1 (security) 添加同级AI: d12d578b-8ddf-4a92-91cc-986a634fb39a","timestamp":"2026-02-02T07:30:48.012Z"}
{"level":"info","message":"AI Mon_Logging_1 (logging) 添加同级AI: 3fd06e7d-362e-4735-baff-16e0b603bc7e","timestamp":"2026-02-02T07:30:48.012Z"}
{"level":"info","message":"AI Mon_Security_1 (security) 添加同级AI: 7e35b1fb-a082-4639-a793-8a570fd44e3d","timestamp":"2026-02-02T07:30:48.012Z"}
{"level":"info","message":"AI Mon_Database_1 (database) 添加同级AI: 3fd06e7d-362e-4735-baff-16e0b603bc7e","timestamp":"2026-02-02T07:30:48.012Z"}
{"level":"info","message":"AI Mon_Security_1 (security) 添加同级AI: b0985467-109d-4f42-9183-e95662e822cc","timestamp":"2026-02-02T07:30:48.012Z"}
{"level":"info","message":"AI Mon_LayoutColor_1 (layout_color) 添加同级AI: 3fd06e7d-362e-4735-baff-16e0b603bc7e","timestamp":"2026-02-02T07:30:48.012Z"}
{"level":"info","message":"AI Mon_Security_1 (security) 添加同级AI: 5c37ffbc-8666-4e6a-a96c-c3d7a23133b7","timestamp":"2026-02-02T07:30:48.012Z"}
{"level":"info","message":"AI Report_1 (management) 添加同级AI: 3fd06e7d-362e-4735-baff-16e0b603bc7e","timestamp":"2026-02-02T07:30:48.012Z"}
{"level":"info","message":"AI Mon_ClientException_1 (client_exception) 添加同级AI: aa1afd3b-3ace-43d0-8c4d-b9c9ce450127","timestamp":"2026-02-02T07:30:48.012Z"}
{"level":"info","message":"AI Mon_Frontend_1 (frontend) 添加同级AI: e3c7a4f6-eeba-4bd6-bc2a-1f19d978ab8e","timestamp":"2026-02-02T07:30:48.012Z"}
{"level":"info","message":"AI Mon_ClientException_1 (client_exception) 添加同级AI: 5d170c9b-eb03-4b38-b18c-63097c03baf6","timestamp":"2026-02-02T07:30:48.012Z"}
{"level":"info","message":"AI Mon_Backend_1 (backend) 添加同级AI: e3c7a4f6-eeba-4bd6-bc2a-1f19d978ab8e","timestamp":"2026-02-02T07:30:48.012Z"}
{"level":"info","message":"AI Mon_ClientException_1 (client_exception) 添加同级AI: d12d578b-8ddf-4a92-91cc-986a634fb39a","timestamp":"2026-02-02T07:30:48.012Z"}
{"level":"info","message":"AI Mon_Logging_1 (logging) 添加同级AI: e3c7a4f6-eeba-4bd6-bc2a-1f19d978ab8e","timestamp":"2026-02-02T07:30:48.012Z"}
{"level":"info","message":"AI Mon_ClientException_1 (client_exception) 添加同级AI: 7e35b1fb-a082-4639-a793-8a570fd44e3d","timestamp":"2026-02-02T07:30:48.012Z"}
{"level":"info","message":"AI Mon_Database_1 (database) 添加同级AI: e3c7a4f6-eeba-4bd6-bc2a-1f19d978ab8e","timestamp":"2026-02-02T07:30:48.012Z"}
{"level":"info","message":"AI Mon_ClientException_1 (client_exception) 添加同级AI: b0985467-109d-4f42-9183-e95662e822cc","timestamp":"2026-02-02T07:30:48.012Z"}
{"level":"info","message":"AI Mon_LayoutColor_1 (layout_color) 添加同级AI: e3c7a4f6-eeba-4bd6-bc2a-1f19d978ab8e","timestamp":"2026-02-02T07:30:48.012Z"}
{"level":"info","message":"AI Mon_ClientException_1 (client_exception) 添加同级AI: 5c37ffbc-8666-4e6a-a96c-c3d7a23133b7","timestamp":"2026-02-02T07:30:48.012Z"}
{"level":"info","message":"AI Report_1 (management) 添加同级AI: e3c7a4f6-eeba-4bd6-bc2a-1f19d978ab8e","timestamp":"2026-02-02T07:30:48.012Z"}
{"level":"info","message":"AI Mon_Frontend_1 (frontend) 添加同级AI: 5d170c9b-eb03-4b38-b18c-63097c03baf6","timestamp":"2026-02-02T07:30:48.012Z"}
{"level":"info","message":"AI Mon_Backend_1 (backend) 添加同级AI: aa1afd3b-3ace-43d0-8c4d-b9c9ce450127","timestamp":"2026-02-02T07:30:48.012Z"}
{"level":"info","message":"AI Mon_Frontend_1 (frontend) 添加同级AI: d12d578b-8ddf-4a92-91cc-986a634fb39a","timestamp":"2026-02-02T07:30:48.012Z"}
{"level":"info","message":"AI Mon_Logging_1 (logging) 添加同级AI: aa1afd3b-3ace-43d0-8c4d-b9c9ce450127","timestamp":"2026-02-02T07:30:48.012Z"}
{"level":"info","message":"AI Mon_Frontend_1 (frontend) 添加同级AI: 7e35b1fb-a082-4639-a793-8a570fd44e3d","timestamp":"2026-02-02T07:30:48.012Z"}
{"level":"info","message":"AI Mon_Database_1 (database) 添加同级AI: aa1afd3b-3ace-43d0-8c4d-b9c9ce450127","timestamp":"2026-02-02T07:30:48.012Z"}
{"level":"info","message":"AI Mon_Frontend_1 (frontend) 添加同级AI: b0985467-109d-4f42-9183-e95662e822cc","timestamp":"2026-02-02T07:30:48.012Z"}
{"level":"info","message":"AI Mon_LayoutColor_1 (layout_color) 添加同级AI: aa1afd3b-3ace-43d0-8c4d-b9c9ce450127","timestamp":"2026-02-02T07:30:48.012Z"}
{"level":"info","message":"AI Mon_Frontend_1 (frontend) 添加同级AI: 5c37ffbc-8666-4e6a-a96c-c3d7a23133b7","timestamp":"2026-02-02T07:30:48.012Z"}
{"level":"info","message":"AI Report_1 (management) 添加同级AI: aa1afd3b-3ace-43d0-8c4d-b9c9ce450127","timestamp":"2026-02-02T07:30:48.012Z"}
{"level":"info","message":"AI Mon_Backend_1 (backend) 添加同级AI: d12d578b-8ddf-4a92-91cc-986a634fb39a","timestamp":"2026-02-02T07:30:48.013Z"}
{"level":"info","message":"AI Mon_Logging_1 (logging) 添加同级AI: 5d170c9b-eb03-4b38-b18c-63097c03baf6","timestamp":"2026-02-02T07:30:48.013Z"}
{"level":"info","message":"AI Mon_Backend_1 (backend) 添加同级AI: 7e35b1fb-a082-4639-a793-8a570fd44e3d","timestamp":"2026-02-02T07:30:48.013Z"}
{"level":"info","message":"AI Mon_Database_1 (database) 添加同级AI: 5d170c9b-eb03-4b38-b18c-63097c03baf6","timestamp":"2026-02-02T07:30:48.013Z"}
{"level":"info","message":"AI Mon_Backend_1 (backend) 添加同级AI: b0985467-109d-4f42-9183-e95662e822cc","timestamp":"2026-02-02T07:30:48.013Z"}
{"level":"info","message":"AI Mon_LayoutColor_1 (layout_color) 添加同级AI: 5d170c9b-eb03-4b38-b18c-63097c03baf6","timestamp":"2026-02-02T07:30:48.013Z"}
{"level":"info","message":"AI Mon_Backend_1 (backend) 添加同级AI: 5c37ffbc-8666-4e6a-a96c-c3d7a23133b7","timestamp":"2026-02-02T07:30:48.013Z"}
{"level":"info","message":"AI Report_1 (management) 添加同级AI: 5d170c9b-eb03-4b38-b18c-63097c03baf6","timestamp":"2026-02-02T07:30:48.013Z"}
{"level":"info","message":"AI Mon_Logging_1 (logging) 添加同级AI: 7e35b1fb-a082-4639-a793-8a570fd44e3d","timestamp":"2026-02-02T07:30:48.013Z"}
{"level":"info","message":"AI Mon_Database_1 (database) 添加同级AI: d12d578b-8ddf-4a92-91cc-986a634fb39a","timestamp":"2026-02-02T07:30:48.013Z"}
{"level":"info","message":"AI Mon_Logging_1 (logging) 添加同级AI: b0985467-109d-4f42-9183-e95662e822cc","timestamp":"2026-02-02T07:30:48.013Z"}
{"level":"info","message":"AI Mon_LayoutColor_1 (layout_color) 添加同级AI: d12d578b-8ddf-4a92-91cc-986a634fb39a","timestamp":"2026-02-02T07:30:48.014Z"}
{"level":"info","message":"AI Mon_Logging_1 (logging) 添加同级AI: 5c37ffbc-8666-4e6a-a96c-c3d7a23133b7","timestamp":"2026-02-02T07:30:48.014Z"}
{"level":"info","message":"AI Report_1 (management) 添加同级AI: d12d578b-8ddf-4a92-91cc-986a634fb39a","timestamp":"2026-02-02T07:30:48.014Z"}
{"level":"info","message":"AI Mon_Database_1 (database) 添加同级AI: b0985467-109d-4f42-9183-e95662e822cc","timestamp":"2026-02-02T07:30:48.014Z"}
{"level":"info","message":"AI Mon_LayoutColor_1 (layout_color) 添加同级AI: 7e35b1fb-a082-4639-a793-8a570fd44e3d","timestamp":"2026-02-02T07:30:48.014Z"}
{"level":"info","message":"AI Mon_Database_1 (database) 添加同级AI: 5c37ffbc-8666-4e6a-a96c-c3d7a23133b7","timestamp":"2026-02-02T07:30:48.014Z"}
{"level":"info","message":"AI Report_1 (management) 添加同级AI: 7e35b1fb-a082-4639-a793-8a570fd44e3d","timestamp":"2026-02-02T07:30:48.014Z"}
{"level":"info","message":"AI Mon_LayoutColor_1 (layout_color) 添加同级AI: 5c37ffbc-8666-4e6a-a96c-c3d7a23133b7","timestamp":"2026-02-02T07:30:48.014Z"}
{"level":"info","message":"AI Report_1 (management) 添加同级AI: b0985467-109d-4f42-9183-e95662e822cc","timestamp":"2026-02-02T07:30:48.014Z"}
{"level":"info","message":"AI实例按层级和技术层组织完成","timestamp":"2026-02-02T07:30:48.014Z"}
{"level":"info","message":"AI分布式部署系统已初始化","timestamp":"2026-02-02T07:30:48.014Z"}
{"level":"info","message":"初始化AI自动启动系统","timestamp":"2026-02-02T07:30:48.014Z"}
{"level":"info","message":"开始自动启动核心AI实例","timestamp":"2026-02-02T07:30:48.014Z"}
{"level":"info","message":"AI Core_Functional_1 正在自动启动","timestamp":"2026-02-02T07:30:48.014Z"}
{"level":"info","message":"AI自动启动系统已启动，每5分钟检查一次AI启动状态","timestamp":"2026-02-02T07:30:48.014Z"}
{"level":"info","message":"初始化空闲AI释放系统","timestamp":"2026-02-02T07:30:48.014Z"}
{"level":"info","message":"AI空闲释放系统已启动，每30秒检查一次空闲AI","timestamp":"2026-02-02T07:30:48.014Z"}
{"level":"info","message":"进程数变化: 0 -> 10","timestamp":"2026-02-02T07:30:48.060Z"}
{"level":"info","message":"根据进程数 10 调整AI分配","timestamp":"2026-02-02T07:30:48.060Z"}
{"level":"info","message":"主AI Core_Functional_1 当前子AI数量: 0, 需要: 3","timestamp":"2026-02-02T07:30:48.060Z"}
{"level":"info","message":"为主AI Core_Functional_1 新增 3 个子AI","timestamp":"2026-02-02T07:30:48.060Z"}
{"level":"info","message":"为主AI Core_Functional_1 添加子AI","timestamp":"2026-02-02T07:30:48.060Z"}
{"level":"info","message":"添加新AI实例: Auto_functional_1770017448060_845 (functional) 到 optimization 组","timestamp":"2026-02-02T07:30:48.060Z"}
{"level":"info","message":"AI Core_Functional_1 (functional) 添加子AI: 150d1b9a-f445-4cb0-bd88-1ce1b6964047","timestamp":"2026-02-02T07:30:48.060Z"}
{"level":"info","message":"AI Auto_functional_1770017448060_845 (functional) 设置监管者: e536aa13-f9e6-47ab-8d75-1a6b269446f9","timestamp":"2026-02-02T07:30:48.060Z"}
{"level":"info","message":"为主AI Core_Functional_1 分配新子AI: Auto_functional_1770017448060_845","timestamp":"2026-02-02T07:30:48.060Z"}
{"level":"info","message":"为主AI Core_Functional_1 添加子AI","timestamp":"2026-02-02T07:30:48.060Z"}
{"level":"info","message":"添加新AI实例: Auto_functional_1770017448060_313 (functional) 到 optimization 组","timestamp":"2026-02-02T07:30:48.060Z"}
{"level":"info","message":"AI Core_Functional_1 (functional) 添加子AI: 71a291f0-0fb5-453f-8b9a-ddf24884f701","timestamp":"2026-02-02T07:30:48.060Z"}
{"level":"info","message":"AI Auto_functional_1770017448060_313 (functional) 设置监管者: e536aa13-f9e6-47ab-8d75-1a6b269446f9","timestamp":"2026-02-02T07:30:48.060Z"}
{"level":"info","message":"为主AI Core_Functional_1 分配新子AI: Auto_functional_1770017448060_313","timestamp":"2026-02-02T07:30:48.060Z"}
{"level":"info","message":"为主AI Core_Functional_1 添加子AI","timestamp":"2026-02-02T07:30:48.060Z"}
{"level":"info","message":"添加新AI实例: Auto_functional_1770017448060_668 (functional) 到 optimization 组","timestamp":"2026-02-02T07:30:48.060Z"}
{"level":"info","message":"AI Core_Functional_1 (functional) 添加子AI: 5e974ae7-aa1c-4e6f-b393-cab44e38eede","timestamp":"2026-02-02T07:30:48.060Z"}
{"level":"info","message":"AI Auto_functional_1770017448060_668 (functional) 设置监管者: e536aa13-f9e6-47ab-8d75-1a6b269446f9","timestamp":"2026-02-02T07:30:48.060Z"}
{"level":"info","message":"为主AI Core_Functional_1 分配新子AI: Auto_functional_1770017448060_668","timestamp":"2026-02-02T07:30:48.060Z"}
{"level":"info","message":"主AI Core_Management_1 当前子AI数量: 0, 需要: 3","timestamp":"2026-02-02T07:30:48.060Z"}
{"level":"info","message":"为主AI Core_Management_1 新增 3 个子AI","timestamp":"2026-02-02T07:30:48.060Z"}
{"level":"info","message":"为主AI Core_Management_1 添加子AI","timestamp":"2026-02-02T07:30:48.060Z"}
{"level":"info","message":"添加新AI实例: Auto_management_1770017448060_890 (management) 到 optimization 组","timestamp":"2026-02-02T07:30:48.060Z"}
{"level":"info","message":"AI Core_Management_1 (management) 添加子AI: 89a0d283-dd61-454d-b66b-ce7fa7774262","timestamp":"2026-02-02T07:30:48.060Z"}
{"level":"info","message":"AI Auto_management_1770017448060_890 (management) 设置监管者: 2d6004b5-7306-41c2-a445-e4723c07fcc5","timestamp":"2026-02-02T07:30:48.060Z"}
{"level":"info","message":"为主AI Core_Management_1 分配新子AI: Auto_management_1770017448060_890","timestamp":"2026-02-02T07:30:48.060Z"}
{"level":"info","message":"为主AI Core_Management_1 添加子AI","timestamp":"2026-02-02T07:30:48.060Z"}
{"level":"info","message":"添加新AI实例: Auto_management_1770017448060_145 (management) 到 optimization 组","timestamp":"2026-02-02T07:30:48.060Z"}
{"level":"info","message":"AI Core_Management_1 (management) 添加子AI: 25e247be-ec78-44a4-aacc-18d3df293c0e","timestamp":"2026-02-02T07:30:48.060Z"}
{"level":"info","message":"AI Auto_management_1770017448060_145 (management) 设置监管者: 2d6004b5-7306-41c2-a445-e4723c07fcc5","timestamp":"2026-02-02T07:30:48.060Z"}
{"level":"info","message":"为主AI Core_Management_1 分配新子AI: Auto_management_1770017448060_145","timestamp":"2026-02-02T07:30:48.060Z"}
{"level":"info","message":"为主AI Core_Management_1 添加子AI","timestamp":"2026-02-02T07:30:48.060Z"}
{"level":"info","message":"添加新AI实例: Auto_management_1770017448060_497 (management) 到 optimization 组","timestamp":"2026-02-02T07:30:48.060Z"}
{"level":"info","message":"AI Core_Management_1 (management) 添加子AI: d8703dbe-f9e0-4d39-ba34-8f9c85263234","timestamp":"2026-02-02T07:30:48.060Z"}
{"level":"info","message":"AI Auto_management_1770017448060_497 (management) 设置监管者: 2d6004b5-7306-41c2-a445-e4723c07fcc5","timestamp":"2026-02-02T07:30:48.060Z"}
{"level":"info","message":"为主AI Core_Management_1 分配新子AI: Auto_management_1770017448060_497","timestamp":"2026-02-02T07:30:48.060Z"}
{"level":"info","message":"主AI Core_Performance_1 当前子AI数量: 0, 需要: 4","timestamp":"2026-02-02T07:30:48.060Z"}
{"level":"info","message":"为主AI Core_Performance_1 新增 4 个子AI","timestamp":"2026-02-02T07:30:48.060Z"}
{"level":"info","message":"为主AI Core_Performance_1 添加子AI","timestamp":"2026-02-02T07:30:48.060Z"}
{"level":"info","message":"添加新AI实例: Auto_performance_1770017448060_233 (performance) 到 optimization 组","timestamp":"2026-02-02T07:30:48.060Z"}
{"level":"info","message":"AI Core_Performance_1 (performance) 添加子AI: 799103eb-5652-44e5-b8e5-0596ad40829c","timestamp":"2026-02-02T07:30:48.060Z"}
{"level":"info","message":"AI Auto_performance_1770017448060_233 (performance) 设置监管者: 9790dca9-d228-4b5a-a309-f6c6ae3db24e","timestamp":"2026-02-02T07:30:48.060Z"}
{"level":"info","message":"为主AI Core_Performance_1 分配新子AI: Auto_performance_1770017448060_233","timestamp":"2026-02-02T07:30:48.060Z"}
{"level":"info","message":"为主AI Core_Performance_1 添加子AI","timestamp":"2026-02-02T07:30:48.060Z"}
{"level":"info","message":"添加新AI实例: Auto_performance_1770017448060_974 (performance) 到 optimization 组","timestamp":"2026-02-02T07:30:48.060Z"}
{"level":"info","message":"AI Core_Performance_1 (performance) 添加子AI: 9aa26aa2-3e4f-4100-9647-f0611c2ab6b7","timestamp":"2026-02-02T07:30:48.060Z"}
{"level":"info","message":"AI Auto_performance_1770017448060_974 (performance) 设置监管者: 9790dca9-d228-4b5a-a309-f6c6ae3db24e","timestamp":"2026-02-02T07:30:48.060Z"}
{"level":"info","message":"为主AI Core_Performance_1 分配新子AI: Auto_performance_1770017448060_974","timestamp":"2026-02-02T07:30:48.060Z"}
{"level":"info","message":"为主AI Core_Performance_1 添加子AI","timestamp":"2026-02-02T07:30:48.060Z"}
{"level":"info","message":"添加新AI实例: Auto_performance_1770017448060_968 (performance) 到 optimization 组","timestamp":"2026-02-02T07:30:48.060Z"}
{"level":"info","message":"AI Core_Performance_1 (performance) 添加子AI: 2dffbc7b-83af-42d4-b5da-b35c819f0d25","timestamp":"2026-02-02T07:30:48.060Z"}
{"level":"info","message":"AI Auto_performance_1770017448060_968 (performance) 设置监管者: 9790dca9-d228-4b5a-a309-f6c6ae3db24e","timestamp":"2026-02-02T07:30:48.060Z"}
{"level":"info","message":"为主AI Core_Performance_1 分配新子AI: Auto_performance_1770017448060_968","timestamp":"2026-02-02T07:30:48.060Z"}
{"level":"info","message":"为主AI Core_Performance_1 添加子AI","timestamp":"2026-02-02T07:30:48.060Z"}
{"level":"info","message":"添加新AI实例: Auto_performance_1770017448060_59 (performance) 到 optimization 组","timestamp":"2026-02-02T07:30:48.060Z"}
{"level":"info","message":"AI Core_Performance_1 (performance) 添加子AI: 056778db-820a-4594-a139-0da8c1ef70b0","timestamp":"2026-02-02T07:30:48.060Z"}
{"level":"info","message":"AI Auto_performance_1770017448060_59 (performance) 设置监管者: 9790dca9-d228-4b5a-a309-f6c6ae3db24e","timestamp":"2026-02-02T07:30:48.060Z"}
{"level":"info","message":"为主AI Core_Performance_1 分配新子AI: Auto_performance_1770017448060_59","timestamp":"2026-02-02T07:30:48.060Z"}
{"level":"info","message":"主AI Core_Frontend_1 当前子AI数量: 0, 需要: 3","timestamp":"2026-02-02T07:30:48.060Z"}
{"level":"info","message":"为主AI Core_Frontend_1 新增 3 个子AI","timestamp":"2026-02-02T07:30:48.060Z"}
{"level":"info","message":"为主AI Core_Frontend_1 添加子AI","timestamp":"2026-02-02T07:30:48.060Z"}
{"level":"info","message":"添加新AI实例: Auto_frontend_1770017448060_933 (frontend) 到 optimization 组","timestamp":"2026-02-02T07:30:48.060Z"}
{"level":"info","message":"AI Core_Frontend_1 (frontend) 添加子AI: 4a181046-b487-48ea-8ee8-1dba95a2a452","timestamp":"2026-02-02T07:30:48.061Z"}
{"level":"info","message":"AI Auto_frontend_1770017448060_933 (frontend) 设置监管者: c4f97c4e-ad61-4115-81b9-a0383826f113","timestamp":"2026-02-02T07:30:48.061Z"}
{"level":"info","message":"为主AI Core_Frontend_1 分配新子AI: Auto_frontend_1770017448060_933","timestamp":"2026-02-02T07:30:48.061Z"}
{"level":"info","message":"为主AI Core_Frontend_1 添加子AI","timestamp":"2026-02-02T07:30:48.061Z"}
{"level":"info","message":"添加新AI实例: Auto_frontend_1770017448061_632 (frontend) 到 optimization 组","timestamp":"2026-02-02T07:30:48.061Z"}
{"level":"info","message":"AI Core_Frontend_1 (frontend) 添加子AI: 79c48983-09d3-4f3c-ad41-c12c8661b359","timestamp":"2026-02-02T07:30:48.061Z"}
{"level":"info","message":"AI Auto_frontend_1770017448061_632 (frontend) 设置监管者: c4f97c4e-ad61-4115-81b9-a0383826f113","timestamp":"2026-02-02T07:30:48.061Z"}
{"level":"info","message":"为主AI Core_Frontend_1 分配新子AI: Auto_frontend_1770017448061_632","timestamp":"2026-02-02T07:30:48.061Z"}
{"level":"info","message":"为主AI Core_Frontend_1 添加子AI","timestamp":"2026-02-02T07:30:48.061Z"}
{"level":"info","message":"添加新AI实例: Auto_frontend_1770017448061_248 (frontend) 到 optimization 组","timestamp":"2026-02-02T07:30:48.061Z"}
{"level":"info","message":"AI Core_Frontend_1 (frontend) 添加子AI: 5e8dbc90-c2a2-4404-a5ad-a4e8ea9b1c43","timestamp":"2026-02-02T07:30:48.061Z"}
{"level":"info","message":"AI Auto_frontend_1770017448061_248 (frontend) 设置监管者: c4f97c4e-ad61-4115-81b9-a0383826f113","timestamp":"2026-02-02T07:30:48.061Z"}
{"level":"info","message":"为主AI Core_Frontend_1 分配新子AI: Auto_frontend_1770017448061_248","timestamp":"2026-02-02T07:30:48.061Z"}
{"level":"info","message":"主AI Core_Backend_1 当前子AI数量: 0, 需要: 3","timestamp":"2026-02-02T07:30:48.061Z"}
{"level":"info","message":"为主AI Core_Backend_1 新增 3 个子AI","timestamp":"2026-02-02T07:30:48.061Z"}
{"level":"info","message":"为主AI Core_Backend_1 添加子AI","timestamp":"2026-02-02T07:30:48.061Z"}
{"level":"info","message":"添加新AI实例: Auto_backend_1770017448061_340 (backend) 到 optimization 组","timestamp":"2026-02-02T07:30:48.061Z"}
{"level":"info","message":"AI Core_Backend_1 (backend) 添加子AI: 8b523a7f-7fa0-456a-ad42-7e5dd20b6921","timestamp":"2026-02-02T07:30:48.061Z"}
{"level":"info","message":"AI Auto_backend_1770017448061_340 (backend) 设置监管者: c76037e8-dd82-4abb-8425-b4022902c0af","timestamp":"2026-02-02T07:30:48.061Z"}
{"level":"info","message":"为主AI Core_Backend_1 分配新子AI: Auto_backend_1770017448061_340","timestamp":"2026-02-02T07:30:48.061Z"}
{"level":"info","message":"为主AI Core_Backend_1 添加子AI","timestamp":"2026-02-02T07:30:48.061Z"}
{"level":"info","message":"添加新AI实例: Auto_backend_1770017448061_400 (backend) 到 optimization 组","timestamp":"2026-02-02T07:30:48.061Z"}
{"level":"info","message":"AI Core_Backend_1 (backend) 添加子AI: ef58a157-8ca7-4d69-ba00-aaf06fe2ef84","timestamp":"2026-02-02T07:30:48.061Z"}
{"level":"info","message":"AI Auto_backend_1770017448061_400 (backend) 设置监管者: c76037e8-dd82-4abb-8425-b4022902c0af","timestamp":"2026-02-02T07:30:48.061Z"}
{"level":"info","message":"为主AI Core_Backend_1 分配新子AI: Auto_backend_1770017448061_400","timestamp":"2026-02-02T07:30:48.061Z"}
{"level":"info","message":"为主AI Core_Backend_1 添加子AI","timestamp":"2026-02-02T07:30:48.061Z"}
{"level":"info","message":"添加新AI实例: Auto_backend_1770017448061_451 (backend) 到 optimization 组","timestamp":"2026-02-02T07:30:48.061Z"}
{"level":"info","message":"AI Core_Backend_1 (backend) 添加子AI: 4d5913e4-7d36-4af5-b35f-c5d0ec1e5c0a","timestamp":"2026-02-02T07:30:48.061Z"}
{"level":"info","message":"AI Auto_backend_1770017448061_451 (backend) 设置监管者: c76037e8-dd82-4abb-8425-b4022902c0af","timestamp":"2026-02-02T07:30:48.061Z"}
{"level":"info","message":"为主AI Core_Backend_1 分配新子AI: Auto_backend_1770017448061_451","timestamp":"2026-02-02T07:30:48.061Z"}
{"level":"info","message":"主AI Core_Fullstack_1 当前子AI数量: 0, 需要: 3","timestamp":"2026-02-02T07:30:48.061Z"}
{"level":"info","message":"为主AI Core_Fullstack_1 新增 3 个子AI","timestamp":"2026-02-02T07:30:48.061Z"}
{"level":"info","message":"为主AI Core_Fullstack_1 添加子AI","timestamp":"2026-02-02T07:30:48.061Z"}
{"level":"info","message":"添加新AI实例: Auto_fullstack_1770017448061_161 (fullstack) 到 optimization 组","timestamp":"2026-02-02T07:30:48.061Z"}
{"level":"info","message":"AI Core_Fullstack_1 (fullstack) 添加子AI: bdf5ec1f-ed4c-474b-a1c2-37f0ff45b8ca","timestamp":"2026-02-02T07:30:48.061Z"}
{"level":"info","message":"AI Auto_fullstack_1770017448061_161 (fullstack) 设置监管者: 856b5d5e-4006-41ae-8159-183e5452b142","timestamp":"2026-02-02T07:30:48.061Z"}
{"level":"info","message":"为主AI Core_Fullstack_1 分配新子AI: Auto_fullstack_1770017448061_161","timestamp":"2026-02-02T07:30:48.061Z"}
{"level":"info","message":"为主AI Core_Fullstack_1 添加子AI","timestamp":"2026-02-02T07:30:48.061Z"}
{"level":"info","message":"添加新AI实例: Auto_fullstack_1770017448061_907 (fullstack) 到 optimization 组","timestamp":"2026-02-02T07:30:48.061Z"}
{"level":"info","message":"AI Core_Fullstack_1 (fullstack) 添加子AI: 5163efc0-5472-45c6-bb04-b28b82202cad","timestamp":"2026-02-02T07:30:48.061Z"}
{"level":"info","message":"AI Auto_fullstack_1770017448061_907 (fullstack) 设置监管者: 856b5d5e-4006-41ae-8159-183e5452b142","timestamp":"2026-02-02T07:30:48.061Z"}
{"level":"info","message":"为主AI Core_Fullstack_1 分配新子AI: Auto_fullstack_1770017448061_907","timestamp":"2026-02-02T07:30:48.061Z"}
{"level":"info","message":"为主AI Core_Fullstack_1 添加子AI","timestamp":"2026-02-02T07:30:48.061Z"}
{"level":"info","message":"添加新AI实例: Auto_fullstack_1770017448061_413 (fullstack) 到 optimization 组","timestamp":"2026-02-02T07:30:48.061Z"}
{"level":"info","message":"AI Core_Fullstack_1 (fullstack) 添加子AI: 4ca24f6f-bb31-4eb4-afad-ab0ae05084a8","timestamp":"2026-02-02T07:30:48.061Z"}
{"level":"info","message":"AI Auto_fullstack_1770017448061_413 (fullstack) 设置监管者: 856b5d5e-4006-41ae-8159-183e5452b142","timestamp":"2026-02-02T07:30:48.061Z"}
{"level":"info","message":"为主AI Core_Fullstack_1 分配新子AI: Auto_fullstack_1770017448061_413","timestamp":"2026-02-02T07:30:48.061Z"}
{"level":"info","message":"主AI Core_Logging_1 当前子AI数量: 0, 需要: 3","timestamp":"2026-02-02T07:30:48.061Z"}
{"level":"info","message":"为主AI Core_Logging_1 新增 3 个子AI","timestamp":"2026-02-02T07:30:48.061Z"}
{"level":"info","message":"为主AI Core_Logging_1 添加子AI","timestamp":"2026-02-02T07:30:48.061Z"}
{"level":"info","message":"添加新AI实例: Auto_logging_1770017448061_673 (logging) 到 optimization 组","timestamp":"2026-02-02T07:30:48.061Z"}
{"level":"info","message":"AI Core_Logging_1 (logging) 添加子AI: dc151d90-2f85-4a45-901d-29c3242879ce","timestamp":"2026-02-02T07:30:48.061Z"}
{"level":"info","message":"AI Auto_logging_1770017448061_673 (logging) 设置监管者: 679c4383-31b6-41f0-9893-f34e95c3dfc9","timestamp":"2026-02-02T07:30:48.061Z"}
{"level":"info","message":"为主AI Core_Logging_1 分配新子AI: Auto_logging_1770017448061_673","timestamp":"2026-02-02T07:30:48.061Z"}
{"level":"info","message":"为主AI Core_Logging_1 添加子AI","timestamp":"2026-02-02T07:30:48.061Z"}
{"level":"info","message":"添加新AI实例: Auto_logging_1770017448061_602 (logging) 到 optimization 组","timestamp":"2026-02-02T07:30:48.061Z"}
{"level":"info","message":"AI Core_Logging_1 (logging) 添加子AI: 910630f5-7952-4395-9759-dbc05dca03a6","timestamp":"2026-02-02T07:30:48.061Z"}
{"level":"info","message":"AI Auto_logging_1770017448061_602 (logging) 设置监管者: 679c4383-31b6-41f0-9893-f34e95c3dfc9","timestamp":"2026-02-02T07:30:48.061Z"}
{"level":"info","message":"为主AI Core_Logging_1 分配新子AI: Auto_logging_1770017448061_602","timestamp":"2026-02-02T07:30:48.061Z"}
{"level":"info","message":"为主AI Core_Logging_1 添加子AI","timestamp":"2026-02-02T07:30:48.061Z"}
{"level":"info","message":"添加新AI实例: Auto_logging_1770017448061_571 (logging) 到 optimization 组","timestamp":"2026-02-02T07:30:48.061Z"}
{"level":"info","message":"AI Core_Logging_1 (logging) 添加子AI: a00003c4-c053-41ce-a766-aa55243becc9","timestamp":"2026-02-02T07:30:48.061Z"}
{"level":"info","message":"AI Auto_logging_1770017448061_571 (logging) 设置监管者: 679c4383-31b6-41f0-9893-f34e95c3dfc9","timestamp":"2026-02-02T07:30:48.061Z"}
{"level":"info","message":"为主AI Core_Logging_1 分配新子AI: Auto_logging_1770017448061_571","timestamp":"2026-02-02T07:30:48.061Z"}
{"level":"info","message":"主AI Core_Database_1 当前子AI数量: 0, 需要: 4","timestamp":"2026-02-02T07:30:48.061Z"}
{"level":"info","message":"为主AI Core_Database_1 新增 4 个子AI","timestamp":"2026-02-02T07:30:48.061Z"}
{"level":"info","message":"为主AI Core_Database_1 添加子AI","timestamp":"2026-02-02T07:30:48.061Z"}
{"level":"info","message":"添加新AI实例: Auto_database_1770017448061_573 (database) 到 optimization 组","timestamp":"2026-02-02T07:30:48.061Z"}
{"level":"info","message":"AI Core_Database_1 (database) 添加子AI: e846abb5-d43a-4307-985d-9c56368293e1","timestamp":"2026-02-02T07:30:48.061Z"}
{"level":"info","message":"AI Auto_database_1770017448061_573 (database) 设置监管者: 8e85b9a5-0c85-4b69-acee-42d61fa1a341","timestamp":"2026-02-02T07:30:48.061Z"}
{"level":"info","message":"为主AI Core_Database_1 分配新子AI: Auto_database_1770017448061_573","timestamp":"2026-02-02T07:30:48.061Z"}
{"level":"info","message":"为主AI Core_Database_1 添加子AI","timestamp":"2026-02-02T07:30:48.061Z"}
{"level":"info","message":"添加新AI实例: Auto_database_1770017448061_960 (database) 到 optimization 组","timestamp":"2026-02-02T07:30:48.061Z"}
{"level":"info","message":"AI Core_Database_1 (database) 添加子AI: 40e3b81a-bf0e-4c40-95af-75e22bb8c1ae","timestamp":"2026-02-02T07:30:48.061Z"}
{"level":"info","message":"AI Auto_database_1770017448061_960 (database) 设置监管者: 8e85b9a5-0c85-4b69-acee-42d61fa1a341","timestamp":"2026-02-02T07:30:48.061Z"}
{"level":"info","message":"为主AI Core_Database_1 分配新子AI: Auto_database_1770017448061_960","timestamp":"2026-02-02T07:30:48.061Z"}
{"level":"info","message":"为主AI Core_Database_1 添加子AI","timestamp":"2026-02-02T07:30:48.061Z"}
{"level":"info","message":"添加新AI实例: Auto_database_1770017448061_852 (database) 到 optimization 组","timestamp":"2026-02-02T07:30:48.061Z"}
{"level":"info","message":"AI Core_Database_1 (database) 添加子AI: a7310adf-5307-44c3-9452-ea4b6dbde46f","timestamp":"2026-02-02T07:30:48.061Z"}
{"level":"info","message":"AI Auto_database_1770017448061_852 (database) 设置监管者: 8e85b9a5-0c85-4b69-acee-42d61fa1a341","timestamp":"2026-02-02T07:30:48.061Z"}
{"level":"info","message":"为主AI Core_Database_1 分配新子AI: Auto_database_1770017448061_852","timestamp":"2026-02-02T07:30:48.061Z"}
{"level":"info","message":"为主AI Core_Database_1 添加子AI","timestamp":"2026-02-02T07:30:48.061Z"}
{"level":"info","message":"添加新AI实例: Auto_database_1770017448061_836 (database) 到 optimization 组","timestamp":"2026-02-02T07:30:48.061Z"}
{"level":"info","message":"AI Core_Database_1 (database) 添加子AI: 2bca18f3-22df-4ba2-8e7b-a11c03700947","timestamp":"2026-02-02T07:30:48.061Z"}
{"level":"info","message":"AI Auto_database_1770017448061_836 (database) 设置监管者: 8e85b9a5-0c85-4b69-acee-42d61fa1a341","timestamp":"2026-02-02T07:30:48.061Z"}
{"level":"info","message":"为主AI Core_Database_1 分配新子AI: Auto_database_1770017448061_836","timestamp":"2026-02-02T07:30:48.061Z"}
{"level":"info","message":"主AI Core_LayoutColor_1 当前子AI数量: 0, 需要: 3","timestamp":"2026-02-02T07:30:48.061Z"}
{"level":"info","message":"为主AI Core_LayoutColor_1 新增 3 个子AI","timestamp":"2026-02-02T07:30:48.061Z"}
{"level":"info","message":"为主AI Core_LayoutColor_1 添加子AI","timestamp":"2026-02-02T07:30:48.061Z"}
{"level":"info","message":"添加新AI实例: Auto_layout_color_1770017448061_47 (layout_color) 到 optimization 组","timestamp":"2026-02-02T07:30:48.061Z"}
{"level":"info","message":"AI Core_LayoutColor_1 (layout_color) 添加子AI: 0e04c90d-a7ab-4b02-a01a-46636a17af7c","timestamp":"2026-02-02T07:30:48.061Z"}
{"level":"info","message":"AI Auto_layout_color_1770017448061_47 (layout_color) 设置监管者: c2715803-016b-41a8-99a2-1ff8c7ac2a71","timestamp":"2026-02-02T07:30:48.061Z"}
{"level":"info","message":"为主AI Core_LayoutColor_1 分配新子AI: Auto_layout_color_1770017448061_47","timestamp":"2026-02-02T07:30:48.062Z"}
{"level":"info","message":"为主AI Core_LayoutColor_1 添加子AI","timestamp":"2026-02-02T07:30:48.062Z"}
{"level":"info","message":"添加新AI实例: Auto_layout_color_1770017448062_271 (layout_color) 到 optimization 组","timestamp":"2026-02-02T07:30:48.062Z"}
{"level":"info","message":"AI Core_LayoutColor_1 (layout_color) 添加子AI: f1d19e82-3358-4e53-b919-d38f4d1947b7","timestamp":"2026-02-02T07:30:48.062Z"}
{"level":"info","message":"AI Auto_layout_color_1770017448062_271 (layout_color) 设置监管者: c2715803-016b-41a8-99a2-1ff8c7ac2a71","timestamp":"2026-02-02T07:30:48.062Z"}
{"level":"info","message":"为主AI Core_LayoutColor_1 分配新子AI: Auto_layout_color_1770017448062_271","timestamp":"2026-02-02T07:30:48.062Z"}
{"level":"info","message":"为主AI Core_LayoutColor_1 添加子AI","timestamp":"2026-02-02T07:30:48.062Z"}
{"level":"info","message":"添加新AI实例: Auto_layout_color_1770017448062_775 (layout_color) 到 optimization 组","timestamp":"2026-02-02T07:30:48.062Z"}
{"level":"info","message":"AI Core_LayoutColor_1 (layout_color) 添加子AI: 42281307-951c-4426-bf55-62b4b07bd395","timestamp":"2026-02-02T07:30:48.062Z"}
{"level":"info","message":"AI Auto_layout_color_1770017448062_775 (layout_color) 设置监管者: c2715803-016b-41a8-99a2-1ff8c7ac2a71","timestamp":"2026-02-02T07:30:48.062Z"}
{"level":"info","message":"为主AI Core_LayoutColor_1 分配新子AI: Auto_layout_color_1770017448062_775","timestamp":"2026-02-02T07:30:48.062Z"}
{"level":"info","message":"主AI Core_FeatureExpansion_1 当前子AI数量: 0, 需要: 3","timestamp":"2026-02-02T07:30:48.062Z"}
{"level":"info","message":"为主AI Core_FeatureExpansion_1 新增 3 个子AI","timestamp":"2026-02-02T07:30:48.062Z"}
{"level":"info","message":"为主AI Core_FeatureExpansion_1 添加子AI","timestamp":"2026-02-02T07:30:48.062Z"}
{"level":"info","message":"添加新AI实例: Auto_feature_expansion_1770017448062_233 (feature_expansion) 到 optimization 组","timestamp":"2026-02-02T07:30:48.062Z"}
{"level":"info","message":"AI Core_FeatureExpansion_1 (feature_expansion) 添加子AI: 8beff831-b052-4dd0-bcc3-7c788207be5d","timestamp":"2026-02-02T07:30:48.062Z"}
{"level":"info","message":"AI Auto_feature_expansion_1770017448062_233 (feature_expansion) 设置监管者: 57a6fbb4-597f-44cb-ad9f-d61e1486e153","timestamp":"2026-02-02T07:30:48.062Z"}
{"level":"info","message":"为主AI Core_FeatureExpansion_1 分配新子AI: Auto_feature_expansion_1770017448062_233","timestamp":"2026-02-02T07:30:48.062Z"}
{"level":"info","message":"为主AI Core_FeatureExpansion_1 添加子AI","timestamp":"2026-02-02T07:30:48.062Z"}
{"level":"info","message":"添加新AI实例: Auto_feature_expansion_1770017448062_595 (feature_expansion) 到 optimization 组","timestamp":"2026-02-02T07:30:48.062Z"}
{"level":"info","message":"AI Core_FeatureExpansion_1 (feature_expansion) 添加子AI: d67a1462-0b9e-43b1-839b-c047757a8ce4","timestamp":"2026-02-02T07:30:48.062Z"}
{"level":"info","message":"AI Auto_feature_expansion_1770017448062_595 (feature_expansion) 设置监管者: 57a6fbb4-597f-44cb-ad9f-d61e1486e153","timestamp":"2026-02-02T07:30:48.062Z"}
{"level":"info","message":"为主AI Core_FeatureExpansion_1 分配新子AI: Auto_feature_expansion_1770017448062_595","timestamp":"2026-02-02T07:30:48.062Z"}
{"level":"info","message":"为主AI Core_FeatureExpansion_1 添加子AI","timestamp":"2026-02-02T07:30:48.062Z"}
{"level":"info","message":"添加新AI实例: Auto_feature_expansion_1770017448062_954 (feature_expansion) 到 optimization 组","timestamp":"2026-02-02T07:30:48.062Z"}
{"level":"info","message":"AI Core_FeatureExpansion_1 (feature_expansion) 添加子AI: a89b9b8d-c514-452c-a6f6-21d0cf90eba0","timestamp":"2026-02-02T07:30:48.062Z"}
{"level":"info","message":"AI Auto_feature_expansion_1770017448062_954 (feature_expansion) 设置监管者: 57a6fbb4-597f-44cb-ad9f-d61e1486e153","timestamp":"2026-02-02T07:30:48.062Z"}
{"level":"info","message":"为主AI Core_FeatureExpansion_1 分配新子AI: Auto_feature_expansion_1770017448062_954","timestamp":"2026-02-02T07:30:48.062Z"}
{"level":"info","message":"AI Core_Functional_1 自动启动成功","timestamp":"2026-02-02T07:30:48.994Z"}
{"level":"info","message":"AI Core_Management_1 正在自动启动","timestamp":"2026-02-02T07:30:48.994Z"}
{"level":"info","message":"AI Core_Management_1 自动启动成功","timestamp":"2026-02-02T07:30:49.996Z"}
{"level":"info","message":"AI Core_Performance_1 正在自动启动","timestamp":"2026-02-02T07:30:49.996Z"}
{"level":"info","message":"AI Core_Performance_1 自动启动成功","timestamp":"2026-02-02T07:30:50.999Z"}
{"level":"info","message":"AI Core_Frontend_1 正在自动启动","timestamp":"2026-02-02T07:30:50.999Z"}
{"level":"info","message":"AI Core_Frontend_1 自动启动成功","timestamp":"2026-02-02T07:30:52.000Z"}
{"level":"info","message":"AI Core_Backend_1 正在自动启动","timestamp":"2026-02-02T07:30:52.000Z"}
{"level":"info","message":"AI Core_Backend_1 自动启动成功","timestamp":"2026-02-02T07:30:53.000Z"}
{"level":"info","message":"AI Core_Fullstack_1 正在自动启动","timestamp":"2026-02-02T07:30:53.000Z"}
{"level":"info","message":"AI Core_Fullstack_1 自动启动成功","timestamp":"2026-02-02T07:30:54.001Z"}
{"level":"info","message":"AI Core_Logging_1 正在自动启动","timestamp":"2026-02-02T07:30:54.001Z"}
{"level":"info","message":"AI Core_Logging_1 自动启动成功","timestamp":"2026-02-02T07:30:55.003Z"}
{"level":"info","message":"AI Core_Database_1 正在自动启动","timestamp":"2026-02-02T07:30:55.003Z"}
{"level":"info","message":"AI Core_Database_1 自动启动成功","timestamp":"2026-02-02T07:30:56.005Z"}
{"level":"info","message":"AI Core_LayoutColor_1 正在自动启动","timestamp":"2026-02-02T07:30:56.005Z"}
{"level":"info","message":"AI Core_LayoutColor_1 自动启动成功","timestamp":"2026-02-02T07:30:57.007Z"}
{"level":"info","message":"AI Core_FeatureExpansion_1 正在自动启动","timestamp":"2026-02-02T07:30:57.007Z"}
{"level":"info","message":"AI Core_FeatureExpansion_1 自动启动成功","timestamp":"2026-02-02T07:30:58.010Z"}
{"level":"info","message":"AI Opt_Functional_1 正在自动启动","timestamp":"2026-02-02T07:30:58.010Z"}
{"level":"info","message":"AI Opt_Functional_1 自动启动成功","timestamp":"2026-02-02T07:30:59.010Z"}
{"level":"info","message":"AI Opt_Performance_1 正在自动启动","timestamp":"2026-02-02T07:30:59.010Z"}
{"level":"info","message":"AI Opt_Performance_1 自动启动成功","timestamp":"2026-02-02T07:31:00.012Z"}
{"level":"info","message":"AI Opt_Security_1 正在自动启动","timestamp":"2026-02-02T07:31:00.012Z"}
{"level":"info","message":"AI Opt_Security_1 自动启动成功","timestamp":"2026-02-02T07:31:01.014Z"}
{"level":"info","message":"AI Opt_Frontend_1 正在自动启动","timestamp":"2026-02-02T07:31:01.014Z"}
{"level":"info","message":"AI Opt_Frontend_1 自动启动成功","timestamp":"2026-02-02T07:31:02.016Z"}
{"level":"info","message":"AI Opt_Backend_1 正在自动启动","timestamp":"2026-02-02T07:31:02.016Z"}
{"level":"info","message":"AI Opt_Backend_1 自动启动成功","timestamp":"2026-02-02T07:31:03.017Z"}
{"level":"info","message":"AI Opt_Logging_1 正在自动启动","timestamp":"2026-02-02T07:31:03.017Z"}
{"level":"info","message":"AI Opt_Logging_1 自动启动成功","timestamp":"2026-02-02T07:31:04.018Z"}
{"level":"info","message":"AI Opt_Database_1 正在自动启动","timestamp":"2026-02-02T07:31:04.019Z"}
{"level":"info","message":"AI Opt_Database_1 自动启动成功","timestamp":"2026-02-02T07:31:05.019Z"}
{"level":"info","message":"AI Opt_LayoutColor_1 正在自动启动","timestamp":"2026-02-02T07:31:05.020Z"}
{"level":"info","message":"AI Opt_LayoutColor_1 自动启动成功","timestamp":"2026-02-02T07:31:06.022Z"}
{"level":"info","message":"AI Opt_FeatureExpansion_1 正在自动启动","timestamp":"2026-02-02T07:31:06.022Z"}
{"level":"info","message":"AI Opt_FeatureExpansion_1 自动启动成功","timestamp":"2026-02-02T07:31:07.024Z"}
{"level":"info","message":"AI Mon_Performance_1 正在自动启动","timestamp":"2026-02-02T07:31:07.024Z"}
{"level":"info","message":"AI Mon_Performance_1 自动启动成功","timestamp":"2026-02-02T07:31:08.026Z"}
{"level":"info","message":"AI Mon_Security_1 正在自动启动","timestamp":"2026-02-02T07:31:08.026Z"}
{"level":"info","message":"AI Mon_Security_1 自动启动成功","timestamp":"2026-02-02T07:31:09.028Z"}
{"level":"info","message":"AI Mon_ClientException_1 正在自动启动","timestamp":"2026-02-02T07:31:09.028Z"}
{"level":"info","message":"AI Mon_ClientException_1 自动启动成功","timestamp":"2026-02-02T07:31:10.030Z"}
{"level":"info","message":"AI Mon_Frontend_1 正在自动启动","timestamp":"2026-02-02T07:31:10.030Z"}
{"level":"info","message":"AI Mon_Frontend_1 自动启动成功","timestamp":"2026-02-02T07:31:11.031Z"}
{"level":"info","message":"AI Mon_Backend_1 正在自动启动","timestamp":"2026-02-02T07:31:11.031Z"}
{"level":"info","message":"AI Mon_Backend_1 自动启动成功","timestamp":"2026-02-02T07:31:12.033Z"}
{"level":"info","message":"AI Mon_Logging_1 正在自动启动","timestamp":"2026-02-02T07:31:12.033Z"}
{"level":"info","message":"AI Mon_Logging_1 自动启动成功","timestamp":"2026-02-02T07:31:13.035Z"}
{"level":"info","message":"AI Mon_Database_1 正在自动启动","timestamp":"2026-02-02T07:31:13.035Z"}
{"level":"info","message":"AI Mon_Database_1 自动启动成功","timestamp":"2026-02-02T07:31:14.037Z"}
{"level":"info","message":"AI Mon_LayoutColor_1 正在自动启动","timestamp":"2026-02-02T07:31:14.037Z"}
{"level":"info","message":"AI Mon_LayoutColor_1 自动启动成功","timestamp":"2026-02-02T07:31:15.039Z"}
{"level":"info","message":"AI Report_1 正在自动启动","timestamp":"2026-02-02T07:31:15.039Z"}
{"level":"info","message":"AI Report_1 自动启动成功","timestamp":"2026-02-02T07:31:16.042Z"}
{"level":"info","message":"已自动启动 28 个核心AI实例","timestamp":"2026-02-02T07:31:16.042Z"}
{"level":"info","message":"开始检查并释放空闲AI","timestamp":"2026-02-02T07:31:17.993Z"}
{"level":"info","message":"没有需要释放的空闲AI实例","timestamp":"2026-02-02T07:31:17.993Z"}
{"level":"info","message":"开始检查并释放空闲AI","timestamp":"2026-02-02T07:31:47.995Z"}
{"level":"info","message":"没有需要释放的空闲AI实例","timestamp":"2026-02-02T07:31:47.996Z"}
{"level":"info","message":"开始检查并释放空闲AI","timestamp":"2026-02-02T07:32:17.998Z"}
{"level":"info","message":"没有需要释放的空闲AI实例","timestamp":"2026-02-02T07:32:17.998Z"}
{"level":"info","message":"开始检查并释放空闲AI","timestamp":"2026-02-02T07:32:48.000Z"}
{"level":"info","message":"没有需要释放的空闲AI实例","timestamp":"2026-02-02T07:32:48.000Z"}
{"level":"info","message":"开始检查并释放空闲AI","timestamp":"2026-02-02T07:33:18.001Z"}
{"level":"info","message":"没有需要释放的空闲AI实例","timestamp":"2026-02-02T07:33:18.001Z"}
{"level":"info","message":"开始检查并释放空闲AI","timestamp":"2026-02-02T07:33:48.002Z"}
{"level":"info","message":"没有需要释放的空闲AI实例","timestamp":"2026-02-02T07:33:48.002Z"}
{"level":"info","message":"开始检查并释放空闲AI","timestamp":"2026-02-02T07:34:18.003Z"}
{"level":"info","message":"没有需要释放的空闲AI实例","timestamp":"2026-02-02T07:34:18.003Z"}
{"level":"info","message":"开始检查并释放空闲AI","timestamp":"2026-02-02T07:34:48.004Z"}
{"level":"info","message":"没有需要释放的空闲AI实例","timestamp":"2026-02-02T07:34:48.005Z"}
